experiment_id,metric,n_A,n_B,method,unit,status,reason,mean_A,mean_B,difference,se,df,ci_low,ci_high,p_value,difference_pp,difference_per_10000,relative_change,srm_status,srm_statistic,srm_p,srm_flag,business_use,converted_A,converted_B,amount_cents_A,amount_cents_B
rees46-aa-v1-0001,post_converted,42083,42082,unpooled_wald_z_min_cell_10,probability,ok,,0.054725185942066865,0.05962169098426881,0.004896505042201946,0.0016004910466580248,,0.001759600233173402,0.008033409851230489,0.002217980545905121,0.48965050422019457,48.96505042201946,0.08947443408206014,ok,1.1881423394522664e-05,0.9972497419939068,False,offline_aa_only,2303,2509,159791903,190164450
rees46-aa-v1-0001,post_purchase_amount,42083,42082,welch_t,observed_amount_per_enrolled_user,ok,,37.970653945773826,45.189023810655385,7.218369864881559,3.3906038581718385,77796.73826221295,0.5728050250911307,13.863934704671987,0.03326290125146206,,,,ok,1.1881423394522664e-05,0.9972497419939068,False,offline_aa_only,2303,2509,159791903,190164450
rees46-aa-v1-0002,post_converted,42458,41707,unpooled_wald_z_min_cell_10,probability,ok,,0.05695039804041641,0.057400436377586496,0.00045003833717008335,0.0016006950449661676,,-0.0026872663011953276,0.0035873429755354943,0.7785939510130633,0.045003833717008335,4.500383371700833,0.00790228607095426,ok,6.701134675934177,0.00963515751481106,False,offline_aa_only,2418,2394,175512742,174443611
rees46-aa-v1-0002,post_purchase_amount,42458,41707,welch_t,observed_amount_per_enrolled_user,ok,,41.33796740308069,41.82597909223871,0.4880116891580215,3.393599351584643,83163.13003807914,-6.163417623465299,7.139441001781342,0.8856559351255829,,,,ok,6.701134675934177,0.00963515751481106,False,offline_aa_only,2418,2394,175512742,174443611
rees46-aa-v1-0003,post_converted,42401,41764,unpooled_wald_z_min_cell_10,probability,ok,,0.05742789085163086,0.05691504645148932,-0.0005128444001415364,0.0016005731014807525,,-0.003649910033667384,0.0026242212333843114,0.7486552857791351,-0.05128444001415364,-5.128444001415364,-0.008930232201396831,ok,4.821113289372067,0.028113181801436484,False,offline_aa_only,2435,2377,178660231,171296122
rees46-aa-v1-0003,post_purchase_amount,42401,41764,welch_t,observed_amount_per_enrolled_user,ok,,42.13585316384048,41.015257638157266,-1.120595525683214,3.3905314693170294,84160.44565499655,-7.766010665897516,5.524819614531088,0.7410174727068033,,,,ok,4.821113289372067,0.028113181801436484,False,offline_aa_only,2435,2377,178660231,171296122
rees46-aa-v1-0004,post_converted,41883,42282,unpooled_wald_z_min_cell_10,probability,ok,,0.05651457631974787,0.05782602525897545,0.0013114489392275774,0.0016005091230533882,,-0.001825491298884849,0.004448389177340004,0.4125611699750974,0.13114489392275774,13.114489392275775,0.023205498910717628,ok,1.8915344858314027,0.1690289483657615,False,offline_aa_only,2367,2445,161694732,188261621
rees46-aa-v1-0004,post_purchase_amount,41883,42282,welch_t,observed_amount_per_enrolled_user,ok,,38.60629181290738,44.525240291376946,5.9189484784695665,3.385718096583662,77270.95560525634,-0.7170409981035633,12.554937955042696,0.08043152712268883,,,,ok,1.8915344858314027,0.1690289483657615,False,offline_aa_only,2367,2445,161694732,188261621
rees46-aa-v1-0005,post_converted,42054,42111,unpooled_wald_z_min_cell_10,probability,ok,,0.057877966424121366,0.05646980598893401,-0.001408160435187357,0.0016005848192307366,,-0.004545249035081154,0.0017289281647064397,0.3789792043731165,-0.1408160435187357,-14.081604351873569,-0.024329818792674245,ok,0.03860274460880413,0.8442377631069674,False,offline_aa_only,2434,2378,180598243,169358110
rees46-aa-v1-0005,post_purchase_amount,42054,42111,welch_t,observed_amount_per_enrolled_user,ok,,42.94436747990679,40.217071549001446,-2.727295930905342,3.3911873075020935,80073.85504628593,-9.374001387382352,3.919409525571668,0.42126631155535643,,,,ok,0.03860274460880413,0.8442377631069674,False,offline_aa_only,2434,2378,180598243,169358110
rees46-aa-v1-0006,post_converted,42110,42055,unpooled_wald_z_min_cell_10,probability,ok,,0.05727855616243173,0.05706812507430745,-0.00021043108812427574,0.0016005776417567263,,-0.003347505620427512,0.0029266434441789606,0.895401962528999,-0.021043108812427574,-2.1043108812427573,-0.0036738197018711654,ok,0.035941305768431055,0.8496367531668785,False,offline_aa_only,2412,2400,177679237,172277116
rees46-aa-v1-0006,post_purchase_amount,42110,42055,welch_t,observed_amount_per_enrolled_user,ok,,42.19407195440513,40.96471668053739,-1.2293552738677391,3.390647460326639,84146.15578711483,-7.874997771783942,5.416287224048464,0.7169252223823652,,,,ok,0.035941305768431055,0.8496367531668785,False,offline_aa_only,2412,2400,177679237,172277116
rees46-aa-v1-0007,post_converted,42237,41928,unpooled_wald_z_min_cell_10,probability,ok,,0.0567275137912257,0.057622591108567066,0.0008950773173413626,0.0016006302944689232,,-0.0022421004123814683,0.004032255047064193,0.5760231626056058,0.08950773173413626,8.950773173413626,0.015778539504401976,ok,1.1344501871324184,0.2868280927248471,False,offline_aa_only,2396,2416,171658243,178298110
rees46-aa-v1-0007,post_purchase_amount,42237,41928,welch_t,observed_amount_per_enrolled_user,ok,,40.64167507161967,42.52483066208738,1.8831555904677089,3.3927604197436723,81725.96938799872,-4.766631123971441,8.53294230490686,0.5788611900825803,,,,ok,1.1344501871324184,0.2868280927248471,False,offline_aa_only,2396,2416,171658243,178298110
rees46-aa-v1-0008,post_converted,41792,42373,unpooled_wald_z_min_cell_10,probability,ok,,0.05764261102603369,0.05671064121020461,-0.0009319698158290826,0.0016006987779975316,,-0.00406928177080152,0.0022053421391433547,0.5604138864969839,-0.09319698158290826,-9.319698158290826,-0.016168070794158995,ok,4.010705162478465,0.04521223731795353,False,offline_aa_only,2409,2403,186585082,163371271
rees46-aa-v1-0008,post_purchase_amount,41792,42373,welch_t,observed_amount_per_enrolled_user,ok,,44.64612413859111,38.555512000566395,-6.090612138024717,3.398702486101657,74766.72916811831,-12.752054443992524,0.5708301679430887,0.07313053793909959,,,,ok,4.010705162478465,0.04521223731795353,False,offline_aa_only,2409,2403,186585082,163371271
rees46-aa-v1-0009,post_converted,41919,42246,unpooled_wald_z_min_cell_10,probability,ok,,0.05658531930628116,0.057756947403304455,0.0011716280970232931,0.001600526402272219,,-0.0019653460077357224,0.004308602201782309,0.46415225735140153,0.11716280970232931,11.716280970232932,0.02070551357467092,ok,1.2704687221529138,0.25967876636606335,False,offline_aa_only,2372,2440,177812584,172143769
rees46-aa-v1-0009,post_purchase_amount,41919,42246,welch_t,observed_amount_per_enrolled_user,ok,,42.41813592881509,40.747945130899964,-1.6701907979151258,3.3947615236508257,76557.40463598304,-8.323906314903798,4.983524719073546,0.6227273912498003,,,,ok,1.2704687221529138,0.25967876636606335,False,offline_aa_only,2372,2440,177812584,172143769
rees46-aa-v1-0010,post_converted,42011,42154,unpooled_wald_z_min_cell_10,probability,ok,,0.05767537073623575,0.056673150827916685,-0.0010022199083190644,0.0016006002444228073,,-0.004139338741033774,0.002134898924395645,0.5312148934618647,-0.10022199083190644,-10.022199083190644,-0.01737691315245242,ok,0.24296322699459394,0.6220740602814961,False,offline_aa_only,2423,2389,179263404,170692949
rees46-aa-v1-0010,post_purchase_amount,42011,42154,welch_t,observed_amount_per_enrolled_user,ok,,42.67058722715479,40.49270508136832,-2.1778821457864694,3.3901694413746357,83555.29692469441,-8.822588406182359,4.466824114609419,0.5206081210341046,,,,ok,0.24296322699459394,0.6220740602814961,False,offline_aa_only,2423,2389,179263404,170692949
rees46-aa-v1-0011,post_converted,41977,42188,unpooled_wald_z_min_cell_10,probability,ok,,0.05614979631703076,0.058191902910780316,0.0020421065937495583,0.0016005015060916161,,-0.0010948187153921232,0.00517903190289124,0.20198496836745738,0.20421065937495583,20.421065937495584,0.03636890474578923,ok,0.5289728509475435,0.46703901461870767,False,offline_aa_only,2357,2455,172595555,177360798
rees46-aa-v1-0011,post_purchase_amount,41977,42188,welch_t,observed_amount_per_enrolled_user,ok,,41.11669604783572,42.04057978572106,0.9238837378853404,3.3922388209182732,81326.25952748054,-5.724881130469771,7.572648606240452,0.7853519069195035,,,,ok,0.5289728509475435,0.46703901461870767,False,offline_aa_only,2357,2455,172595555,177360798
rees46-aa-v1-0012,post_converted,42108,42057,unpooled_wald_z_min_cell_10,probability,ok,,0.05621259618124822,0.05813538768813753,0.0019227915068893084,0.0016005811639452036,,-0.00121428992877649,0.005059872942555107,0.22963161508767027,0.19227915068893084,19.227915068893083,0.034205705438147445,ok,0.03090358224915345,0.8604556677577363,False,offline_aa_only,2367,2445,176767070,173189283
rees46-aa-v1-0012,post_purchase_amount,42108,42057,welch_t,observed_amount_per_enrolled_user,ok,,41.97945046072006,41.17965689421499,-0.7997935665050662,3.3902259686326515,80232.37775776284,-7.444614606487263,5.84502747347713,0.8135018840781567,,,,ok,0.03090358224915345,0.8604556677577363,False,offline_aa_only,2367,2445,176767070,173189283
rees46-aa-v1-0013,post_converted,41872,42293,unpooled_wald_z_min_cell_10,probability,ok,,0.05717424531906763,0.0571725817511172,-1.6635679504287126e-06,0.0016005994061429496,,-0.0031387807576668085,0.003135453621765951,0.9991707263295061,-0.00016635679504287126,-0.016635679504287126,-2.909645665010487e-05,ok,2.1058753638685914,0.14673435131604493,False,offline_aa_only,2394,2418,182724352,167232001
rees46-aa-v1-0013,post_purchase_amount,41872,42293,welch_t,observed_amount_per_enrolled_user,ok,,43.63879251050822,39.54129548625068,-4.097497024257535,3.3940937389120114,80608.3827950483,-10.749898400921548,2.5549043524064787,0.22734199072746072,,,,ok,2.1058753638685914,0.14673435131604493,False,offline_aa_only,2394,2418,182724352,167232001
rees46-aa-v1-0014,post_converted,42193,41972,unpooled_wald_z_min_cell_10,probability,ok,,0.055269831488635554,0.059087010387877635,0.003817178899242081,0.001600662498153944,,0.00067993805145644,0.0069544197470277225,0.017090760043538652,0.3817178899242081,38.17178899242081,0.06906442079576378,ok,0.5803006000118814,0.44619451944641286,False,offline_aa_only,2332,2480,165704482,184251871
rees46-aa-v1-0014,post_purchase_amount,42193,41972,welch_t,observed_amount_per_enrolled_user,ok,,39.27297940416657,43.89875893452778,4.625779530361207,3.3925222408935394,80461.43372358155,-2.023541902882661,11.275100963605075,0.17272179456463976,,,,ok,0.5803006000118814,0.44619451944641286,False,offline_aa_only,2332,2480,165704482,184251871
rees46-aa-v1-0015,post_converted,42347,41818,unpooled_wald_z_min_cell_10,probability,ok,,0.0597681063593643,0.054545889329953606,-0.00522221702941069,0.0016000779735286265,,-0.008358312229982633,-0.0020861218288387483,0.0010995721929295023,-0.5222217029410691,-52.2221702941069,-0.08737464422933802,ok,3.324909404146617,0.0682377738514134,False,offline_aa_only,2531,2281,176555253,173401100
rees46-aa-v1-0015,post_purchase_amount,42347,41818,welch_t,observed_amount_per_enrolled_user,ok,,41.69250549035351,41.465660720264005,-0.22684477008950665,3.39463726542677,81091.26890117516,-6.880310860219888,6.426621320040875,0.9467216229284383,,,,ok,3.324909404146617,0.0682377738514134,False,offline_aa_only,2531,2281,176555253,173401100
rees46-aa-v1-0016,post_converted,41872,42293,unpooled_wald_z_min_cell_10,probability,ok,,0.05695930454719144,0.05738538292388811,0.00042607837669667026,0.0016005705985845855,,-0.0027109823512428332,0.0035631391046361737,0.790082063581091,0.042607837669667026,4.260783766966703,0.007480399911548418,ok,2.1058753638685914,0.14673435131604493,False,offline_aa_only,2385,2427,178866601,171089752
rees46-aa-v1-0016,post_purchase_amount,41872,42293,welch_t,observed_amount_per_enrolled_user,ok,,42.71747253534581,40.45344430520417,-2.2640282301416406,3.394498614576173,79843.72689962218,-8.91722411718985,4.38916765690657,0.5047933197471837,,,,ok,2.1058753638685914,0.14673435131604493,False,offline_aa_only,2385,2427,178866601,171089752
rees46-aa-v1-0017,post_converted,42101,42064,unpooled_wald_z_min_cell_10,probability,ok,,0.057029524239329235,0.0573174210726512,0.0002878968333219628,0.0016005807836535952,,-0.00284918385698598,0.0034249775236299056,0.857254447189114,0.02878968333219628,2.8789683332196283,0.00504820682202747,ok,0.016265668627101527,0.898515445554332,False,offline_aa_only,2401,2411,171666977,178289376
rees46-aa-v1-0017,post_purchase_amount,42101,42064,welch_t,observed_amount_per_enrolled_user,ok,,40.775035509845374,42.38526435907189,1.610228849226516,3.3907052574823133,84135.08022640963,-5.035526943246743,8.255984641699776,0.6348630741991702,,,,ok,0.016265668627101527,0.898515445554332,False,offline_aa_only,2401,2411,171666977,178289376
rees46-aa-v1-0018,post_converted,42122,42043,unpooled_wald_z_min_cell_10,probability,ok,,0.056739945871516075,0.057607687367694976,0.0008677414961789018,0.0016005878923318019,,-0.0022693531268823037,0.004004836119240107,0.587722591580268,0.08677414961789018,8.677414961789017,0.015293308494580627,ok,0.07415196340521595,0.7853847585961555,False,offline_aa_only,2390,2422,171605987,178350366
rees46-aa-v1-0018,post_purchase_amount,42122,42043,welch_t,observed_amount_per_enrolled_user,ok,,40.74022767200038,42.42094189282402,1.6807142208236385,3.391001934393533,83280.14058593984,-4.965624037646638,8.327052479293915,0.6201501455594699,,,,ok,0.07415196340521595,0.7853847585961555,False,offline_aa_only,2390,2422,171605987,178350366
rees46-aa-v1-0019,post_converted,42041,42124,unpooled_wald_z_min_cell_10,probability,ok,,0.05763421421945244,0.05671351248694331,-0.0009207017325091257,0.0016005888429630763,,-0.004057798218773391,0.0022163947537551403,0.5651378631871876,-0.09207017325091257,-9.207017325091257,-0.015974916028236134,ok,0.08185112576486663,0.7748043213189271,False,offline_aa_only,2423,2389,179333452,170622901
rees46-aa-v1-0019,post_purchase_amount,42041,42124,welch_t,observed_amount_per_enrolled_user,ok,,42.65679979068052,40.504914300636216,-2.1518854900443074,3.3911591274246713,82404.57540200658,-8.798532872081587,4.494761891992972,0.5257188095526895,,,,ok,0.08185112576486663,0.7748043213189271,False,offline_aa_only,2423,2389,179333452,170622901
rees46-aa-v1-0020,post_converted,41824,42341,unpooled_wald_z_min_cell_10,probability,ok,,0.056618209640397855,0.05772182990482039,0.001103620264422532,0.0016005158066075124,,-0.0020333330732152663,0.0042405736020603305,0.49048327646585965,0.11036202644225321,11.036202644225321,0.019492320075679047,ok,3.175773777698568,0.07473780389526027,False,offline_aa_only,2368,2444,171413043,178543310
rees46-aa-v1-0020,post_purchase_amount,41824,42341,welch_t,observed_amount_per_enrolled_user,ok,,40.98437332631981,42.16794832431922,1.1835749979994077,3.3895352830015084,83986.58788724725,-5.459887822619005,7.82703781861782,0.7269512753831956,,,,ok,3.175773777698568,0.07473780389526027,False,offline_aa_only,2368,2444,171413043,178543310
rees46-aa-v1-0021,post_converted,42062,42103,unpooled_wald_z_min_cell_10,probability,ok,,0.057106176596452854,0.0572405766809966,0.0001344000845437468,0.0016005785344756591,,-0.0030026761974564463,0.00327147636654394,0.9330805299234031,0.01344000845437468,1.344000845437468,0.00235351222151502,ok,0.0199726727261926,0.8876134323616294,False,offline_aa_only,2402,2410,183373436,166582917
rees46-aa-v1-0021,post_purchase_amount,42062,42103,welch_t,observed_amount_per_enrolled_user,ok,,43.59598592553849,39.56556943685723,-4.0304164886812615,3.39119403551165,76037.54838386418,-10.677140465308224,2.6163074879457,0.23464223780935517,,,,ok,0.0199726727261926,0.8876134323616294,False,offline_aa_only,2402,2410,183373436,166582917
rees46-aa-v1-0022,post_converted,42004,42161,unpooled_wald_z_min_cell_10,probability,ok,,0.056994571945528996,0.05735158084485662,0.0003570088993276252,0.0016005728275734963,,-0.0027800561973498655,0.003494073996005116,0.8234960426803404,0.03570088993276252,3.570088993276252,0.006263910529389126,ok,0.29286520525158916,0.5883902628286987,False,offline_aa_only,2394,2418,175602392,174353961
rees46-aa-v1-0022,post_purchase_amount,42004,42161,welch_t,observed_amount_per_enrolled_user,ok,,41.806111798876294,41.35432295249164,-0.4517888463846518,3.3901937637713653,83697.07095425678,-7.096542615445393,6.192964922676089,0.8939853692901413,,,,ok,0.29286520525158916,0.5883902628286987,False,offline_aa_only,2394,2418,175602392,174353961
rees46-aa-v1-0023,post_converted,42099,42066,unpooled_wald_z_min_cell_10,probability,ok,,0.057341029478134874,0.057005657775876004,-0.0003353717022588701,0.0016005772490509016,,-0.0034724454648728336,0.0028017020603550934,0.8340331767684004,-0.03353717022588701,-3.3537170225887007,-0.00584872133115003,ok,0.01293887007663518,0.9094366459603299,False,offline_aa_only,2414,2398,181427049,168529304
rees46-aa-v1-0023,post_purchase_amount,42099,42066,welch_t,observed_amount_per_enrolled_user,ok,,43.095334568517075,40.06306851138687,-3.032266057130208,3.390568365405098,83704.66253188132,-9.677754033803218,3.613221919542803,0.3711512295191648,,,,ok,0.01293887007663518,0.9094366459603299,False,offline_aa_only,2414,2398,181427049,168529304
rees46-aa-v1-0024,post_converted,42310,41855,unpooled_wald_z_min_cell_10,probability,ok,,0.057244150319073504,0.0571018994146458,-0.00014225090442770288,0.0016005924748421355,,-0.003279354509044121,0.0029948527001887153,0.929182121827529,-0.014225090442770288,-1.422509044277029,-0.002484985865539269,ok,2.4597516782510547,0.11679724555803282,False,offline_aa_only,2422,2390,164321705,185634648
rees46-aa-v1-0024,post_purchase_amount,42310,41855,welch_t,observed_amount_per_enrolled_user,ok,,38.83755731505554,44.35184517978736,5.51428786473182,3.395403323896752,78524.96950774362,-1.1406829411614554,12.169258670625094,0.10437021394131304,,,,ok,2.4597516782510547,0.11679724555803282,False,offline_aa_only,2422,2390,164321705,185634648
rees46-aa-v1-0025,post_converted,42170,41995,unpooled_wald_z_min_cell_10,probability,ok,,0.0568176428740811,0.05753065841171568,0.0007130155376345801,0.0016006003388629082,,-0.0024241034801793264,0.0038501345554484865,0.655981893547122,0.07130155376345801,7.130155376345801,0.012549192496682071,ok,0.3638685914572566,0.5463655295103775,False,offline_aa_only,2396,2416,170413128,179543225
rees46-aa-v1-0025,post_purchase_amount,42170,41995,welch_t,observed_amount_per_enrolled_user,ok,,40.41098600901115,42.75347660435766,2.3424905953465114,3.391808574871923,81959.53477421476,-4.305430229215076,8.9904114199081,0.48979896321911054,,,,ok,0.3638685914572566,0.5463655295103775,False,offline_aa_only,2396,2416,170413128,179543225
rees46-aa-v1-0026,post_converted,42022,42143,unpooled_wald_z_min_cell_10,probability,ok,,0.05727952025129694,0.05706760316066725,-0.00021191709062969022,0.0016005847658110788,,-0.0033490055858228815,0.002925171404563501,0.8946680789128725,-0.021191709062969022,-2.119170906296902,-0.0036997008651603,ok,0.1739559199192063,0.6766197235592686,False,offline_aa_only,2407,2405,179640343,170316010
rees46-aa-v1-0026,post_purchase_amount,42022,42143,welch_t,observed_amount_per_enrolled_user,ok,,42.749117843034604,40.41383147853736,-2.335286364497243,3.39107618023138,83564.47922544814,-8.981769815560275,4.311197086565789,0.4910414221595083,,,,ok,0.1739559199192063,0.6766197235592686,False,offline_aa_only,2407,2405,179640343,170316010
rees46-aa-v1-0027,post_converted,42012,42153,unpooled_wald_z_min_cell_10,probability,ok,,0.05650766447681615,0.057836927383578866,0.0013292629067627182,0.0016005456790305656,,-0.0018077489797483958,0.004466274793273832,0.4062527155878689,0.13292629067627182,13.292629067627182,0.02352358603155658,ok,0.23621457850650507,0.6269536145242258,False,offline_aa_only,2374,2438,172978568,176977785
rees46-aa-v1-0027,post_purchase_amount,42012,42153,welch_t,observed_amount_per_enrolled_user,ok,,41.1736094449205,41.98462387018718,0.8110144252666771,3.391212025149222,83398.95482694892,-5.835735471877597,7.457764322410951,0.8109884718869876,,,,ok,0.23621457850650507,0.6269536145242258,False,offline_aa_only,2374,2438,172978568,176977785
rees46-aa-v1-0028,post_converted,42033,42132,unpooled_wald_z_min_cell_10,probability,ok,,0.05890609758998882,0.05544479255672648,-0.003461305033262342,0.0016005894460720254,,-0.006598402701598427,-0.00032420736492625715,0.030578196835418143,-0.3461305033262342,-34.61305033262342,-0.05875970697217933,ok,0.11644983068971662,0.7329172953591059,False,offline_aa_only,2476,2336,168784698,181171655
rees46-aa-v1-0028,post_purchase_amount,42033,42132,welch_t,observed_amount_per_enrolled_user,ok,,40.15528227820998,43.0009624513434,2.8456801731334167,3.3893970402464393,76458.24655553717,-3.797521119568551,9.488881465835384,0.401144853060307,,,,ok,0.11644983068971662,0.7329172953591059,False,offline_aa_only,2476,2336,168784698,181171655
rees46-aa-v1-0029,post_converted,42222,41943,unpooled_wald_z_min_cell_10,probability,ok,,0.057126616455876085,0.05722051355410915,9.389709823306308e-05,0.001600592126663758,,-0.0030432058239662748,0.003231000020432401,0.9532197528223211,0.009389709823306308,0.9389709823306308,0.0016436663688210568,ok,0.9248618784530387,0.33620163158332295,False,offline_aa_only,2412,2400,158743029,191213324
rees46-aa-v1-0029,post_purchase_amount,42222,41943,welch_t,observed_amount_per_enrolled_user,ok,,37.59723106437402,45.58885249028444,7.991621425910417,3.3941761814006646,76115.57503500133,1.3390525662598192,14.644190285561013,0.018549675027949474,,,,ok,0.9248618784530387,0.33620163158332295,False,offline_aa_only,2412,2400,158743029,191213324
rees46-aa-v1-0030,post_converted,42015,42150,unpooled_wald_z_min_cell_10,probability,ok,,0.05667023682018327,0.05767497034400949,0.0010047335238262192,0.0016005563940328055,,-0.002132299363703379,0.004141766411355817,0.5301741735900507,0.10047335238262192,10.047335238262193,0.01772947459200277,ok,0.21653894136517554,0.6416898207501817,False,offline_aa_only,2381,2431,173399352,176557001
rees46-aa-v1-0030,post_purchase_amount,42015,42150,welch_t,observed_amount_per_enrolled_user,ok,,41.27082042127812,41.88778196915777,0.6169615478796544,3.391471130306679,82376.28113873153,-6.030297391087427,7.264220486846736,0.8556493995586756,,,,ok,0.21653894136517554,0.6416898207501817,False,offline_aa_only,2381,2431,173399352,176557001
rees46-aa-v1-0031,post_converted,42167,41998,unpooled_wald_z_min_cell_10,probability,ok,,0.056987691796902794,0.05735987427972761,0.00037218248282481353,0.0016005918114710975,,-0.0027649198216082617,0.0035092847872578888,0.8161279082538517,0.03721824828248135,3.721824828248135,0.006530927487837666,ok,0.3393453335709618,0.560207351728238,False,offline_aa_only,2403,2409,171995538,177960815
rees46-aa-v1-0031,post_purchase_amount,42167,41998,welch_t,observed_amount_per_enrolled_user,ok,,40.789133208433135,42.373640411448164,1.5845072030150291,3.390848366060124,84097.76116542435,-5.061529123579916,8.230543529609974,0.6402941122792463,,,,ok,0.3393453335709618,0.560207351728238,False,offline_aa_only,2403,2409,171995538,177960815
rees46-aa-v1-0032,post_converted,42086,42079,unpooled_wald_z_min_cell_10,probability,ok,,0.056574632894549254,0.057772285463057585,0.0011976525685083311,0.0016005752639238109,,-0.00193941730332803,0.004334722440344692,0.45430104013035777,0.11976525685083311,11.976525685083312,0.021169427130718867,ok,0.0005821897463316105,0.9807500237087872,False,offline_aa_only,2381,2431,165183455,184772898
rees46-aa-v1-0032,post_purchase_amount,42086,42079,welch_t,observed_amount_per_enrolled_user,ok,,39.249026992348995,43.910952731766436,4.661925739417441,3.390716836203394,79103.52557764515,-1.983858828577513,11.307710307412396,0.1691636768466456,,,,ok,0.0005821897463316105,0.9807500237087872,False,offline_aa_only,2381,2431,165183455,184772898
rees46-aa-v1-0033,post_converted,42229,41936,unpooled_wald_z_min_cell_10,probability,ok,,0.05740131189466954,0.05694391453643648,-0.0004573973582330665,0.0016005672575634745,,-0.003594451537891521,0.002679656821425388,0.7750527301066483,-0.04573973582330665,-4.573973582330665,-0.007968412970637032,ok,1.020008316996376,0.3125170363406183,False,offline_aa_only,2424,2388,184183103,165773250
rees46-aa-v1-0033,post_purchase_amount,42229,41936,welch_t,observed_amount_per_enrolled_user,ok,,43.61531246299936,39.53005770698207,-4.085254756017292,3.386839041155469,76409.22176977649,-10.7234424506847,2.552932938650117,0.22773848419165205,,,,ok,1.020008316996376,0.3125170363406183,False,offline_aa_only,2424,2388,184183103,165773250
rees46-aa-v1-0034,post_converted,42227,41938,unpooled_wald_z_min_cell_10,probability,ok,,0.057853979681246594,0.056488149172588105,-0.0013658305086584888,0.0016005201159711433,,-0.0045027922924938,0.0017711312751768227,0.39345600315105533,-0.13658305086584888,-13.658305086584887,-0.02360823777696357,ok,0.9923483633339274,0.3191690905479073,False,offline_aa_only,2443,2369,170259013,179697340
rees46-aa-v1-0034,post_purchase_amount,42227,41938,welch_t,observed_amount_per_enrolled_user,ok,,40.319940559357754,42.848333253850925,2.5283926944931707,3.394408619989271,76099.06912349859,-4.124631766611314,9.181417155597655,0.4563526938057368,,,,ok,0.9923483633339274,0.3191690905479073,False,offline_aa_only,2443,2369,170259013,179697340
rees46-aa-v1-0035,post_converted,42322,41843,unpooled_wald_z_min_cell_10,probability,ok,,0.05720429091252777,0.05714217431828502,-6.211659424274624e-05,0.0016006005315793586,,-0.0031992359897739546,0.003075002801288462,0.9690432230778023,-0.006211659424274624,-0.6211659424274624,-0.0010858729870059918,ok,2.7260856650626746,0.09872097319108329,False,offline_aa_only,2421,2391,174719713,175236640
rees46-aa-v1-0035,post_purchase_amount,42322,41843,welch_t,observed_amount_per_enrolled_user,ok,,41.283425405226595,41.87955930502115,0.5961338997945518,3.3911019424416318,84086.09157153247,-6.050399447804508,7.242667247393611,0.8604565486005176,,,,ok,2.7260856650626746,0.09872097319108329,False,offline_aa_only,2421,2391,174719713,175236640
rees46-aa-v1-0036,post_converted,42069,42096,unpooled_wald_z_min_cell_10,probability,ok,,0.056668806009175406,0.057677689091600155,0.0010088830824247497,0.001600571321406472,,-0.002128179062219619,0.0041459452270691186,0.5284807581150399,0.10088830824247497,10.088830824247497,0.01780314697756996,ok,0.008661557654607022,0.9258499447030843,False,offline_aa_only,2384,2428,170283888,179672465
rees46-aa-v1-0036,post_purchase_amount,42069,42096,welch_t,observed_amount_per_enrolled_user,ok,,40.47728446124225,42.681600389585704,2.204315928343455,3.390571888610963,83419.24166831892,-4.441179282576692,8.8498111392636,0.5156093899744933,,,,ok,0.008661557654607022,0.9258499447030843,False,offline_aa_only,2384,2428,170283888,179672465
rees46-aa-v1-0037,post_converted,41923,42242,unpooled_wald_z_min_cell_10,probability,ok,,0.05832120792882189,0.05603427867998674,-0.002286929248835147,0.0016006853259586391,,-0.0054242148382958365,0.0008503563406255426,0.15308506656368961,-0.2286929248835147,-22.86929248835147,-0.03921265231039504,ok,1.2090655260500207,0.27151727105994855,False,offline_aa_only,2445,2367,163191869,186764484
rees46-aa-v1-0037,post_purchase_amount,41923,42242,welch_t,observed_amount_per_enrolled_user,ok,,38.9265722872886,44.2129832867762,5.2864109994876,3.3880307916443666,81013.63899399978,-1.3541065416712392,11.92692854064644,0.11868826953257988,,,,ok,1.2090655260500207,0.27151727105994855,False,offline_aa_only,2445,2367,163191869,186764484
rees46-aa-v1-0038,post_converted,42092,42073,unpooled_wald_z_min_cell_10,probability,ok,,0.057469352846146536,0.05687733225584104,-0.0005920205903054976,0.0016005762550931443,,-0.0037290924047980547,0.0025450512241870595,0.7114721623207797,-0.05920205903054976,-5.920205903054976,-0.010301500904150064,ok,0.004289193845422682,0.9477823256938125,False,offline_aa_only,2419,2393,172317492,177638861
rees46-aa-v1-0038,post_purchase_amount,42092,42073,welch_t,observed_amount_per_enrolled_user,ok,,40.938299914473056,42.22158177453474,1.2832818600616847,3.390805087774598,81990.57303825168,-5.362672099729719,7.929235819853088,0.7050903722951056,,,,ok,0.004289193845422682,0.9477823256938125,False,offline_aa_only,2419,2393,172317492,177638861
rees46-aa-v1-0039,post_converted,41872,42293,unpooled_wald_z_min_cell_10,probability,ok,,0.056648834543370274,0.05769276239566831,0.0010439278522980378,0.0016005265886729586,,-0.0020930466177997145,0.00418090232239579,0.514246202284121,0.10439278522980378,10.439278522980377,0.01842805524090364,ok,2.1058753638685914,0.14673435131604493,False,offline_aa_only,2372,2440,177144531,172811822
rees46-aa-v1-0039,post_purchase_amount,41872,42293,welch_t,observed_amount_per_enrolled_user,ok,,42.30620247420711,40.86062043364151,-1.4455820405656041,3.3951598285785143,78400.24797170529,-8.100075760223659,5.20891167909245,0.6702712861519834,,,,ok,2.1058753638685914,0.14673435131604493,False,offline_aa_only,2372,2440,177144531,172811822
rees46-aa-v1-0040,post_converted,42163,42002,unpooled_wald_z_min_cell_10,probability,ok,,0.05772834001375614,0.05661635160230465,-0.0011119884114514852,0.0016005496418486922,,-0.004249008064943404,0.0020250312420404338,0.48720942337869877,-0.11119884114514852,-11.119884114514852,-0.019262435247341402,ok,0.30797837580942194,0.5789233922627715,False,offline_aa_only,2434,2378,181764808,168191545
rees46-aa-v1-0040,post_purchase_amount,42163,42002,welch_t,observed_amount_per_enrolled_user,ok,,43.110027275099014,40.04369910956621,-3.066328165532802,3.3911238775442776,83713.57576332665,-9.71290493150239,3.5802486004367866,0.36588040039944625,,,,ok,0.30797837580942194,0.5789233922627715,False,offline_aa_only,2434,2378,181764808,168191545
rees46-aa-v1-0041,post_converted,42179,41986,unpooled_wald_z_min_cell_10,probability,ok,,0.05796723487991655,0.05637593483542133,-0.001591300044495217,0.0016005261004548724,,-0.004728273557703104,0.0015456734687126698,0.3201081751080763,-0.1591300044495217,-15.91300044495217,-0.02745171557331851,ok,0.4425711400225747,0.5058840791122318,False,offline_aa_only,2445,2367,177819519,172136834
rees46-aa-v1-0041,post_purchase_amount,42179,41986,welch_t,observed_amount_per_enrolled_user,ok,,42.158306029066594,40.998626685085505,-1.1596793439810895,3.392365795761499,80279.95381839978,-7.8086943718947674,5.489335683932588,0.7324648744965422,,,,ok,0.4425711400225747,0.5058840791122318,False,offline_aa_only,2445,2367,177819519,172136834
rees46-aa-v1-0042,post_converted,41902,42263,unpooled_wald_z_min_cell_10,probability,ok,,0.05648895040809508,0.057852021863095376,0.0013630714550002948,0.0016005102224299955,,-0.0017738709378506872,0.004500013847851277,0.39440944651762344,0.13630714550002948,13.630714550002947,0.024129877527428116,ok,1.548398978197588,0.21337195075285267,False,offline_aa_only,2367,2445,177803234,172153119
rees46-aa-v1-0042,post_purchase_amount,41902,42263,welch_t,observed_amount_per_enrolled_user,ok,,42.43311393250919,40.733766888294724,-1.6993470442144627,3.394926017501775,77301.07027251896,-8.353383956247967,4.954689867819041,0.6166857950488178,,,,ok,1.548398978197588,0.21337195075285267,False,offline_aa_only,2367,2445,177803234,172153119
rees46-aa-v1-0043,post_converted,42042,42123,unpooled_wald_z_min_cell_10,probability,ok,,0.057061985633414206,0.05728461885430762,0.00022263322089341453,0.0016005770124674645,,-0.002914440078025533,0.003359706519812362,0.8893746046267341,0.022263322089341453,2.2263322089341453,0.0039016031149649577,ok,0.0779540188914632,0.7800894486977499,False,offline_aa_only,2399,2413,175430030,174526323
rees46-aa-v1-0043,post_purchase_amount,42042,42123,welch_t,observed_amount_per_enrolled_user,ok,,41.7273274344703,41.432548251549036,-0.2947791829212605,3.3910284137318665,83207.99918025293,-6.941169424445569,6.351611058603048,0.9307280461798618,,,,ok,0.0779540188914632,0.7800894486977499,False,offline_aa_only,2399,2413,175430030,174526323
rees46-aa-v1-0044,post_converted,41978,42187,unpooled_wald_z_min_cell_10,probability,ok,,0.05660107675449045,0.05774290658259654,0.0011418298281060876,0.0016005420853497303,,-0.001995175014920017,0.004278834671132192,0.4755970732217776,0.11418298281060876,11.418298281060876,0.020173288099426492,ok,0.5189924552961445,0.47127178857590457,False,offline_aa_only,2376,2436,171301673,178654680
rees46-aa-v1-0044,post_purchase_amount,41978,42187,welch_t,observed_amount_per_enrolled_user,ok,,40.80748796988899,42.34827790551592,1.5407899356269326,3.391626475709071,83042.6749333528,-5.106772695395019,8.188352566648884,0.6496196143795523,,,,ok,0.5189924552961445,0.47127178857590457,False,offline_aa_only,2376,2436,171301673,178654680
rees46-aa-v1-0045,post_converted,41930,42235,unpooled_wald_z_min_cell_10,probability,ok,,0.05792988313856427,0.056422398484669116,-0.0015074846538951567,0.001600653176352652,,-0.004644707231285994,0.001629737923495681,0.34629840674185464,-0.15074846538951567,-15.074846538951567,-0.026022573708449535,ok,1.1052694112754708,0.29311259019139485,False,offline_aa_only,2429,2383,175771676,174184677
rees46-aa-v1-0045,post_purchase_amount,41930,42235,welch_t,observed_amount_per_enrolled_user,ok,,41.92026615788219,41.24178453888955,-0.6784816189926417,3.390742213888432,84154.12525156584,-7.3243098240957565,5.967346586110473,0.8414042172388799,,,,ok,1.1052694112754708,0.29311259019139485,False,offline_aa_only,2429,2383,175771676,174184677
rees46-aa-v1-0046,post_converted,42105,42060,unpooled_wald_z_min_cell_10,probability,ok,,0.057546609666310415,0.0567998097955302,-0.0007467998707802181,0.0016005721811039558,,-0.0038838637004006923,0.002390263958840256,0.640798206996849,-0.07467998707802181,-7.467998707802181,-0.012977304399175025,ok,0.024059882373908395,0.8767326413050505,False,offline_aa_only,2423,2389,183843496,166112857
rees46-aa-v1-0046,post_purchase_amount,42105,42060,welch_t,observed_amount_per_enrolled_user,ok,,43.663103194394964,39.494259866856865,-4.168843327538099,3.3906742662560228,84149.9902755278,-10.814538360510259,2.476851705434062,0.2188868058633108,,,,ok,0.024059882373908395,0.8767326413050505,False,offline_aa_only,2423,2389,183843496,166112857
rees46-aa-v1-0047,post_converted,41886,42279,unpooled_wald_z_min_cell_10,probability,ok,,0.05658215155421859,0.05775917121975449,0.0011770196655358986,0.0016005193114142682,,-0.001959940541396914,0.004313979872468711,0.46209677246668657,0.11770196655358986,11.770196655358985,0.020801960215458503,ok,1.8350739618606309,0.1755294081801385,False,offline_aa_only,2370,2442,170378638,179577715
rees46-aa-v1-0047,post_purchase_amount,41886,42279,welch_t,observed_amount_per_enrolled_user,ok,,40.6767507042926,42.47444712505026,1.79769642075766,3.3894228163603533,83725.1403195645,-4.845546265083454,8.440939106598774,0.5958469622024452,,,,ok,1.8350739618606309,0.1755294081801385,False,offline_aa_only,2370,2442,170378638,179577715
rees46-aa-v1-0048,post_converted,42074,42091,unpooled_wald_z_min_cell_10,probability,ok,,0.056543233350762945,0.05780333087833504,0.0012600975275720919,0.001600570065028282,,-0.0018769621546162732,0.004397157209760457,0.4311177090823032,0.1260097527572092,12.600975275720918,0.022285558375396464,ok,0.00343373136101705,0.9532722645890626,False,offline_aa_only,2379,2433,164734913,185221440
rees46-aa-v1-0048,post_purchase_amount,42074,42091,welch_t,observed_amount_per_enrolled_user,ok,,39.15361339544612,44.00499869330736,4.851385297861235,3.3904573340021518,78447.18070755819,-1.7938914981186347,11.496662093841104,0.1524645598414217,,,,ok,0.00343373136101705,0.9532722645890626,False,offline_aa_only,2379,2433,164734913,185221440
rees46-aa-v1-0049,post_converted,42272,41893,unpooled_wald_z_min_cell_10,probability,ok,,0.05843111279333838,0.05590432769197718,-0.002526785101361201,0.001600422180687593,,-0.005663554935567938,0.000609984732845536,0.11437641022115631,-0.2526785101361201,-25.26785101361201,-0.04324382988046181,ok,1.70665953781263,0.19141935261969475,False,offline_aa_only,2470,2342,171983671,177972682
rees46-aa-v1-0049,post_purchase_amount,42272,41893,welch_t,observed_amount_per_enrolled_user,ok,,40.685009225965175,42.48267777432984,1.797668548364662,3.3924583764299765,82903.24299568647,-4.851524764871561,8.446861861600885,0.5961816930241234,,,,ok,1.70665953781263,0.19141935261969475,False,offline_aa_only,2470,2342,171983671,177972682
rees46-aa-v1-0050,post_converted,41952,42213,unpooled_wald_z_min_cell_10,probability,ok,,0.05663615560640732,0.05770734134034539,0.0010711857339380723,0.001600539031031595,,-0.00206581312273449,0.004208184590610634,0.503326058879596,0.10711857339380723,10.711857339380723,0.018913461241654043,ok,0.8093744430582784,0.36830526143299125,False,offline_aa_only,2376,2436,152688038,197268315
rees46-aa-v1-0050,post_purchase_amount,41952,42213,welch_t,observed_amount_per_enrolled_user,ok,,36.395890064836,46.73165020254424,10.335760137708235,3.386027104245376,71478.0063618805,3.6991565825704225,16.972363692846045,0.002270466028880815,,,,ok,0.8093744430582784,0.36830526143299125,False,offline_aa_only,2376,2436,152688038,197268315
rees46-aa-v1-0051,post_converted,41916,42249,unpooled_wald_z_min_cell_10,probability,ok,,0.05749594426949137,0.056853416648914766,-0.0006425276205766009,0.001600623694306215,,-0.0037796924142182316,0.00249463717306503,0.6881085091376835,-0.06425276205766009,-6.425276205766009,-0.01117518163655137,ok,1.3175191587952237,0.25103776987574533,False,offline_aa_only,2410,2402,173321890,176634463
rees46-aa-v1-0051,post_purchase_amount,41916,42249,welch_t,observed_amount_per_enrolled_user,ok,,41.3498162992652,41.80796302871074,0.4581467294455379,3.3921869601595813,83008.20418105948,-6.1905144871673405,7.106807946058416,0.8925652389842244,,,,ok,1.3175191587952237,0.25103776987574533,False,offline_aa_only,2410,2402,173321890,176634463
rees46-aa-v1-0052,post_converted,42250,41915,unpooled_wald_z_min_cell_10,probability,ok,,0.05682840236686391,0.0575211738041274,0.000692771437263491,0.001600626426494667,,-0.0024443987113691047,0.0038299415858960868,0.6651508498666745,0.0692771437263491,6.92771437263491,0.01219058443331216,ok,1.3333927404503059,0.24820254147428492,False,offline_aa_only,2401,2411,164450939,185505414
rees46-aa-v1-0052,post_purchase_amount,42250,41915,welch_t,observed_amount_per_enrolled_user,ok,,38.923299171597634,44.257524513897174,5.33422534229954,3.3933528625301594,80698.26410060127,-1.3167238103026833,11.985174494901763,0.11596303934310058,,,,ok,1.3333927404503059,0.24820254147428492,False,offline_aa_only,2401,2411,164450939,185505414
rees46-aa-v1-0053,post_converted,42076,42089,unpooled_wald_z_min_cell_10,probability,ok,,0.059059796558608234,0.055287604837368436,-0.003772191721239798,0.0016005341380496082,,-0.006909180987843889,-0.0006352024546357072,0.018431532290093245,-0.3772191721239798,-37.72191721239798,-0.06387071986434034,ok,0.0020079605536743304,0.9642585367621211,False,offline_aa_only,2485,2327,171548902,178407451
rees46-aa-v1-0053,post_purchase_amount,42076,42089,welch_t,observed_amount_per_enrolled_user,ok,,40.771200209145356,42.38814203236001,1.6169418232146526,3.3906761052533008,84160.55673226,-5.0287568021764475,8.262640448605753,0.6334496103030628,,,,ok,0.0020079605536743304,0.9642585367621211,False,offline_aa_only,2485,2327,171548902,178407451
rees46-aa-v1-0054,post_converted,41842,42323,unpooled_wald_z_min_cell_10,probability,ok,,0.05886429902968309,0.05550173664437776,-0.003362562385305329,0.00160081610910342,,-0.0065001043050195734,-0.00022502046559108374,0.03568223766472852,-0.3362562385305329,-33.62562385305329,-0.05712396886964904,ok,2.748897997980158,0.09732148393352286,False,offline_aa_only,2463,2349,172976102,176980251
rees46-aa-v1-0054,post_purchase_amount,41842,42323,welch_t,observed_amount_per_enrolled_user,ok,,41.3403044787534,41.81656569713867,0.47626121838526814,3.3889283059481636,83600.0160585758,-6.166012374566678,7.118534811337215,0.888238063997333,,,,ok,2.748897997980158,0.09732148393352286,False,offline_aa_only,2463,2349,172976102,176980251
rees46-aa-v1-0055,post_converted,42090,42075,unpooled_wald_z_min_cell_10,probability,ok,,0.05737704918032787,0.05696969696969697,-0.0004073522106309013,0.0016005777274225841,,-0.0035444269108361338,0.002729722489574331,0.799106804641251,-0.04073522106309013,-4.073522106309014,-0.007099567099567137,ok,0.002673320263767599,0.9587644216853454,False,offline_aa_only,2415,2397,171472107,178484246
rees46-aa-v1-0055,post_purchase_amount,42090,42075,welch_t,observed_amount_per_enrolled_user,ok,,40.73939344262295,42.420498158051096,1.6811047154281482,3.3906560422363707,84046.75259714414,-4.964554716023082,8.326764146879379,0.6200331899776622,,,,ok,0.002673320263767599,0.9587644216853454,False,offline_aa_only,2415,2397,171472107,178484246
rees46-aa-v1-0056,post_converted,42127,42038,unpooled_wald_z_min_cell_10,probability,ok,,0.05848980463835545,0.05585422712783672,-0.0026355775105187315,0.001600517738858139,,-0.0057725346352981675,0.0005013796142607045,0.09961908822581092,-0.2635577510518732,-26.355775105187316,-0.04506046014026891,ok,0.09411275470801402,0.7590123381401744,False,offline_aa_only,2464,2348,190888207,159068146
rees46-aa-v1-0056,post_purchase_amount,42127,42038,welch_t,observed_amount_per_enrolled_user,ok,,45.31255655517838,37.83913268947143,-7.473423865706955,3.389487275542249,77002.5602436844,-14.11680127572318,-0.8300464556907299,0.02746523035138734,,,,ok,0.09411275470801402,0.7590123381401744,False,offline_aa_only,2464,2348,190888207,159068146
rees46-aa-v1-0057,post_converted,42037,42128,unpooled_wald_z_min_cell_10,probability,ok,,0.05728286985274877,0.057064185339916446,-0.000218684512832322,0.0016005831394700798,,-0.0033557698204557287,0.0029184007947910848,0.891324823658147,-0.0218684512832322,-2.18684512832322,-0.003817624944324053,ok,0.09839006713004218,0.7537702373399338,False,offline_aa_only,2408,2404,178315877,171640476
rees46-aa-v1-0057,post_purchase_amount,42037,42128,welch_t,observed_amount_per_enrolled_user,ok,,42.418792254442515,40.742612039498674,-1.676180214943841,3.3911205654151138,82926.20279203185,-8.322751401623535,4.970390971735853,0.6211061876332923,,,,ok,0.09839006713004218,0.7537702373399338,False,offline_aa_only,2408,2404,178315877,171640476
rees46-aa-v1-0058,post_converted,42057,42108,unpooled_wald_z_min_cell_10,probability,ok,,0.056613643388734335,0.0577324973876698,0.0011188539989354651,0.0016005660054508309,,-0.0020181977266273033,0.004255905724498233,0.4845292438855504,0.11188539989354651,11.188539989354652,0.01976297464646319,ok,0.03090358224915345,0.8604556677577363,False,offline_aa_only,2381,2431,178126136,171830217
rees46-aa-v1-0058,post_purchase_amount,42057,42108,welch_t,observed_amount_per_enrolled_user,ok,,42.35350500511211,40.80702408093474,-1.5464809241773736,3.3909529128019136,82678.53371101426,-8.192723803570626,5.09976195521588,0.6483474076794551,,,,ok,0.03090358224915345,0.8604556677577363,False,offline_aa_only,2381,2431,178126136,171830217
rees46-aa-v1-0059,post_converted,42003,42162,unpooled_wald_z_min_cell_10,probability,ok,,0.05749589315048925,0.05685214173900669,-0.0006437514114825613,0.0016005965811621292,,-0.0037808630643382762,0.0024933602413731537,0.6875407655801729,-0.06437514114825613,-6.437514114825612,-0.011196476412630236,ok,0.3003742648369275,0.5836478854399434,False,offline_aa_only,2415,2397,178767793,171188560
rees46-aa-v1-0059,post_purchase_amount,42003,42162,welch_t,observed_amount_per_enrolled_user,ok,,42.560720186653334,40.60257103552963,-1.9581491511237061,3.39181978480038,81488.54590928956,-8.606092514511552,4.6897942122641405,0.5637281356768727,,,,ok,0.3003742648369275,0.5836478854399434,False,offline_aa_only,2415,2397,178767793,171188560
rees46-aa-v1-0060,post_converted,42041,42124,unpooled_wald_z_min_cell_10,probability,ok,,0.05715848814252753,0.05718830120596335,2.981306343581569e-05,0.0016005796608873739,,-0.00310726542629077,0.0031668915531624015,0.9851391291547222,0.002981306343581569,0.2981306343581569,0.0005215859342093748,ok,0.08185112576486663,0.7748043213189271,False,offline_aa_only,2403,2409,174436130,175520223
rees46-aa-v1-0060,post_purchase_amount,42041,42124,welch_t,observed_amount_per_enrolled_user,ok,,41.4919078994315,41.667510920140536,0.17560302070903333,3.3914983568345214,79394.92119022805,-6.471712949709149,6.8229189911272154,0.9587061812237673,,,,ok,0.08185112576486663,0.7748043213189271,False,offline_aa_only,2403,2409,174436130,175520223
rees46-aa-v1-0061,post_converted,42143,42022,unpooled_wald_z_min_cell_10,probability,ok,,0.05668794343070024,0.05766027319023369,0.000972329759533451,0.001600595797727939,,-0.002164780357819467,0.0041094398768863685,0.5435324842991702,0.0972329759533451,9.72329759533451,0.01715232024111269,ok,0.1739559199192063,0.6766197235592686,False,offline_aa_only,2389,2423,160272473,189683880
rees46-aa-v1-0061,post_purchase_amount,42143,42022,welch_t,observed_amount_per_enrolled_user,ok,,38.03062738770377,45.13918423682832,7.108556849124554,3.3910976975536578,83241.03559957427,0.46203085020088697,13.755082848048222,0.03606385951299576,,,,ok,0.1739559199192063,0.6766197235592686,False,offline_aa_only,2389,2423,160272473,189683880
rees46-aa-v1-0062,post_converted,41887,42278,unpooled_wald_z_min_cell_10,probability,ok,,0.05889655501706974,0.05546619991484933,-0.0034303551022204087,0.0016007624003974842,,-0.006567791754805363,-0.0002929184496354544,0.0321170474284986,-0.3430355102220409,-34.30355102220409,-0.0582437309147573,ok,1.8164438899780193,0.17773715399430218,False,offline_aa_only,2467,2345,171591574,178364779
rees46-aa-v1-0062,post_purchase_amount,41887,42278,welch_t,observed_amount_per_enrolled_user,ok,,40.96535297347626,42.188556459624394,1.2232034861481367,3.3874697841533066,81013.08481430289,-5.416214484783861,7.8626214570801345,0.7180282504666535,,,,ok,1.8164438899780193,0.17773715399430218,False,offline_aa_only,2467,2345,171591574,178364779
rees46-aa-v1-0063,post_converted,42083,42082,unpooled_wald_z_min_cell_10,probability,ok,,0.0562222275027921,0.05812461384915166,0.001902386346359558,0.0016005661371801397,,-0.0012346656373879114,0.005039438330107027,0.23460856163629595,0.1902386346359558,19.023863463595582,0.03383690812081542,ok,1.1881423394522664e-05,0.9972497419939068,False,offline_aa_only,2366,2446,176113859,173842494
rees46-aa-v1-0063,post_purchase_amount,42083,42082,welch_t,observed_amount_per_enrolled_user,ok,,41.84916926074661,41.310416330022335,-0.5387529307242787,3.3906769391997638,82227.48300789851,-7.184455437555587,6.10694957610703,0.873754007579652,,,,ok,1.1881423394522664e-05,0.9972497419939068,False,offline_aa_only,2366,2446,176113859,173842494
rees46-aa-v1-0064,post_converted,41999,42166,unpooled_wald_z_min_cell_10,probability,ok,,0.056429914997976144,0.057913959113978085,0.001484044116001941,0.0016005355296622164,,-0.0016529478781127423,0.004621036110116624,0.35381376006945653,0.1484044116001941,14.84044116001941,0.026298889800829332,ok,0.33136101704984255,0.5648587688258471,False,offline_aa_only,2370,2442,169823987,180132366
rees46-aa-v1-0064,post_purchase_amount,41999,42166,welch_t,observed_amount_per_enrolled_user,ok,,40.43524536298484,42.71981359389082,2.2845682309059825,3.3905381867925954,84137.86592238848,-4.3608601011565,8.929996562968466,0.5004358998836527,,,,ok,0.33136101704984255,0.5648587688258471,False,offline_aa_only,2370,2442,169823987,180132366
rees46-aa-v1-0065,post_converted,41986,42179,unpooled_wald_z_min_cell_10,probability,ok,,0.05732863335397514,0.05701889565897721,-0.0003097376949979247,0.0016005924637232433,,-0.0034468412778217144,0.002827365887825865,0.8465561273122917,-0.03097376949979247,-3.097376949979247,-0.0054028445626019385,ok,0.4425711400225747,0.5058840791122318,False,offline_aa_only,2407,2405,171074988,178881365
rees46-aa-v1-0065,post_purchase_amount,41986,42179,welch_t,observed_amount_per_enrolled_user,ok,,40.74572190730243,42.41005358116598,1.6643316738635505,3.3892515966248236,81515.17019166127,-4.978578026201947,8.307241373929049,0.6233841263670289,,,,ok,0.4425711400225747,0.5058840791122318,False,offline_aa_only,2407,2405,171074988,178881365
rees46-aa-v1-0066,post_converted,42131,42034,unpooled_wald_z_min_cell_10,probability,ok,,0.05717879945883079,0.05716800685159633,-1.0792607234459684e-05,0.0016005801714812917,,-0.0031478720977067354,0.003126286883237816,0.9946199574490729,-0.0010792607234459684,-0.10792607234459684,-0.00018875190344334617,ok,0.11179231271906374,0.7381127676814363,False,offline_aa_only,2409,2403,177460193,172496160
rees46-aa-v1-0066,post_purchase_amount,42131,42034,welch_t,observed_amount_per_enrolled_user,ok,,42.121049346087204,41.03729361945092,-1.0837557266362836,3.3912293976078245,82502.17197944138,-7.7305407222327,5.563029268960133,0.7492905345507961,,,,ok,0.11179231271906374,0.7381127676814363,False,offline_aa_only,2409,2403,177460193,172496160
rees46-aa-v1-0067,post_converted,42100,42065,unpooled_wald_z_min_cell_10,probability,ok,,0.0573396674584323,0.05700701295613931,-0.0003326545022929936,0.0016005771812223788,,-0.0034697281319654954,0.0028044191273795083,0.8353585136110658,-0.03326545022929936,-3.326545022929936,-0.005801472471638372,ok,0.014554743658290263,0.9039737749768503,False,offline_aa_only,2414,2398,172375156,177581197
rees46-aa-v1-0067,post_purchase_amount,42100,42065,welch_t,observed_amount_per_enrolled_user,ok,,40.94421757719715,42.215903244978016,1.271685667780865,3.3905942142846817,83853.20225547043,-5.3738528022717995,7.9172241378335295,0.7076147309490654,,,,ok,0.014554743658290263,0.9039737749768503,False,offline_aa_only,2414,2398,172375156,177581197
rees46-aa-v1-0068,post_converted,41961,42204,unpooled_wald_z_min_cell_10,probability,ok,,0.05609971163699626,0.05824092503080277,0.002141213393806511,0.0016004876360914487,,-0.0009956847306343765,0.005278111518247398,0.18094513325834882,0.21412133938065112,21.41213393806511,0.03816799287065209,ok,0.7015861700231688,0.40225123088648973,False,offline_aa_only,2354,2458,164222105,185734248
rees46-aa-v1-0068,post_purchase_amount,41961,42204,welch_t,observed_amount_per_enrolled_user,ok,,39.136842544267296,44.00868353710549,4.8718409928381945,3.389024013130861,82034.73095929969,-1.7706220204807588,11.514304006157147,0.15056981942648895,,,,ok,0.7015861700231688,0.40225123088648973,False,offline_aa_only,2354,2458,164222105,185734248
rees46-aa-v1-0069,post_converted,42261,41904,unpooled_wald_z_min_cell_10,probability,ok,,0.05551217434514091,0.058848797250859106,0.0033366229057181923,0.001600738434819798,,0.00019923322480237165,0.006474012586634013,0.03712131605107174,0.33366229057181923,33.366229057181926,0.0601061468962304,ok,1.514275530208519,0.2184878357940278,False,offline_aa_only,2346,2466,166367804,183588549
rees46-aa-v1-0069,post_purchase_amount,42261,41904,welch_t,observed_amount_per_enrolled_user,ok,,39.36674569934455,43.81170031500573,4.444954615661182,3.393165732079182,81488.67500109231,-2.205626794945121,11.095536026267485,0.19020874993080975,,,,ok,1.514275530208519,0.2184878357940278,False,offline_aa_only,2346,2466,166367804,183588549
rees46-aa-v1-0070,post_converted,42175,41990,unpooled_wald_z_min_cell_10,probability,ok,,0.05711914641375222,0.057227911407477974,0.00010876499372575177,0.0016005862386785589,,-0.0030283263882346545,0.003245856375686158,0.945822870742245,0.010876499372575177,1.0876499372575177,0.0019041775053481034,ok,0.40664171567753815,0.5236789782404854,False,offline_aa_only,2409,2403,177361580,172594773
rees46-aa-v1-0070,post_purchase_amount,42175,41990,welch_t,observed_amount_per_enrolled_user,ok,,42.053723770005924,41.10378018575852,-0.9499435842474071,3.3900276467790156,83565.86718221224,-7.594371916142018,5.694484747647204,0.77931167156087,,,,ok,0.40664171567753815,0.5236789782404854,False,offline_aa_only,2409,2403,177361580,172594773
rees46-aa-v1-0071,post_converted,41857,42308,unpooled_wald_z_min_cell_10,probability,ok,,0.05764866091693146,0.0567032239765529,-0.0009454369403785606,0.0016006655475926724,,-0.004082683764954282,0.002191809884197161,0.5547533504136544,-0.09454369403785606,-9.454369403785606,-0.016399980942157236,ok,2.4166933998693043,0.12004809052987718,False,offline_aa_only,2413,2399,180729879,169226474
rees46-aa-v1-0071,post_purchase_amount,41857,42308,welch_t,observed_amount_per_enrolled_user,ok,,43.17793415677187,39.99869386404463,-3.1792402927272363,3.391102176030632,84076.66568180229,-9.825774108884973,3.4672935234305005,0.3484916839408116,,,,ok,2.4166933998693043,0.12004809052987718,False,offline_aa_only,2413,2399,180729879,169226474
rees46-aa-v1-0072,post_converted,42269,41896,unpooled_wald_z_min_cell_10,probability,ok,,0.05673188388653623,0.05761886576284132,0.000886981876305093,0.001600643756869698,,-0.0022502222392384017,0.004024185991848587,0.5794825474921204,0.0886981876305093,8.86981876305093,0.015634627576955787,ok,1.6530505554565438,0.1985442422411602,False,offline_aa_only,2398,2414,163040544,186915809
rees46-aa-v1-0072,post_purchase_amount,42269,41896,welch_t,observed_amount_per_enrolled_user,ok,,38.57213182237574,44.6142373973649,6.042105574989165,3.393985780747139,79923.04360159802,-0.6100850609087152,12.694296210887046,0.07504066666918555,,,,ok,1.6530505554565438,0.1985442422411602,False,offline_aa_only,2398,2414,163040544,186915809
rees46-aa-v1-0073,post_converted,41967,42198,unpooled_wald_z_min_cell_10,probability,ok,,0.058593656920914054,0.05576093653727665,-0.0028327203836374035,0.0016006577437634576,,-0.0059699519129889226,0.0003045111457141156,0.07677334234452862,-0.2832720383637404,-28.327203836374036,-0.04834517134612074,ok,0.6340046337551238,0.42589018166802317,False,offline_aa_only,2459,2353,178505511,171450842
rees46-aa-v1-0073,post_purchase_amount,41967,42198,welch_t,observed_amount_per_enrolled_user,ok,,42.534732289656155,40.63008720792455,-1.9046450817316085,3.390186905429118,83964.78250853738,-8.54938510211445,4.740094938651232,0.5742461382488261,,,,ok,0.6340046337551238,0.42589018166802317,False,offline_aa_only,2459,2353,178505511,171450842
rees46-aa-v1-0074,post_converted,42282,41883,unpooled_wald_z_min_cell_10,probability,ok,,0.057707771628589,0.0566339564978631,-0.0010738151307259011,0.001600526040746345,,-0.0042107885269072245,0.0020631582654554222,0.5022753957128054,-0.10738151307259011,-10.738151307259011,-0.01860780793334121,ok,1.8915344858314027,0.1690289483657615,False,offline_aa_only,2440,2372,181281721,168674632
rees46-aa-v1-0074,post_purchase_amount,42282,41883,welch_t,observed_amount_per_enrolled_user,ok,,42.87444326190814,40.27281522336032,-2.6016280385478225,3.3928192701147917,82531.84734670642,-9.251529137634867,4.048273060539222,0.44320013705513617,,,,ok,1.8915344858314027,0.1690289483657615,False,offline_aa_only,2440,2372,181281721,168674632
rees46-aa-v1-0075,post_converted,41987,42178,unpooled_wald_z_min_cell_10,probability,ok,,0.05756543692095172,0.056783157096116456,-0.0007822798248352664,0.0016006044650577458,,-0.003919406929842448,0.002354847280171915,0.6250256047466192,-0.07822798248352664,-7.8227982483526635,-0.01358940132617225,ok,0.4334462068555813,0.5103027740059047,False,offline_aa_only,2417,2395,172341746,177614607
rees46-aa-v1-0075,post_purchase_amount,41987,42178,welch_t,observed_amount_per_enrolled_user,ok,,41.04645390239836,42.11072288870975,1.06426898631139,3.3907228102509808,84156.55111179115,-5.581521185058849,7.710059157681629,0.7536154430227803,,,,ok,0.4334462068555813,0.5103027740059047,False,offline_aa_only,2417,2395,172341746,177614607
rees46-aa-v1-0076,post_converted,42276,41889,unpooled_wald_z_min_cell_10,probability,ok,,0.056959031128772826,0.057389768196901336,0.00043073706812851026,0.0016006215465003328,,-0.0027064235158909453,0.003567897652147966,0.7878480142156681,0.043073706812851026,4.307370681285103,0.007562226034967151,ok,1.7794689003742648,0.18221455593555763,False,offline_aa_only,2408,2404,180957029,168999324
rees46-aa-v1-0076,post_purchase_amount,42276,41889,welch_t,observed_amount_per_enrolled_user,ok,,42.80372528148359,40.344559192150676,-2.4591660893329106,3.3910616755334173,84077.8654421344,-9.105620523466623,4.187288344800801,0.4683371201281085,,,,ok,1.7794689003742648,0.18221455593555763,False,offline_aa_only,2408,2404,180957029,168999324
rees46-aa-v1-0077,post_converted,41770,42395,unpooled_wald_z_min_cell_10,probability,ok,,0.05745750538664113,0.05689350159216889,-0.0005640037944722384,0.0016006772951165993,,-0.0037012736437717643,0.0025732660548272875,0.7245733823564702,-0.05640037944722384,-5.640037944722384,-0.00981601603962725,ok,4.641181013485416,0.031213514925852937,False,offline_aa_only,2400,2412,170389849,179566504
rees46-aa-v1-0077,post_purchase_amount,41770,42395,welch_t,observed_amount_per_enrolled_user,ok,,40.79239861144362,42.355585328458545,1.563186717014922,3.3914916364556817,84004.8515361378,-5.084110520346651,8.210483954376496,0.6448613435305183,,,,ok,4.641181013485416,0.031213514925852937,False,offline_aa_only,2400,2412,170389849,179566504
rees46-aa-v1-0078,post_converted,42090,42075,unpooled_wald_z_min_cell_10,probability,ok,,0.057282014730339746,0.05706476530005942,-0.00021724943028032795,0.0016005786136183196,,-0.0033543258673972855,0.0029198270068366296,0.8920333006659183,-0.021724943028032795,-2.1724943028032797,-0.0037926290006217354,ok,0.002673320263767599,0.9587644216853454,False,offline_aa_only,2411,2401,164393216,185563137
rees46-aa-v1-0078,post_purchase_amount,42090,42075,welch_t,observed_amount_per_enrolled_user,ok,,39.05754716084581,44.102944028520504,5.045396867674697,3.3908879943653685,71938.76211356545,-1.6007332975398034,11.691527032889198,0.13677429090786197,,,,ok,0.002673320263767599,0.9587644216853454,False,offline_aa_only,2411,2401,164393216,185563137
rees46-aa-v1-0079,post_converted,42095,42070,unpooled_wald_z_min_cell_10,probability,ok,,0.056705071861266186,0.05764202519610174,0.0009369533348355524,0.0016005797441524469,,-0.002200125318087578,0.004074031987758683,0.5582897286888819,0.09369533348355524,9.369533348355525,0.016523272153289727,ok,0.007425889621576665,0.9313284154598573,False,offline_aa_only,2387,2425,184599874,165356479
rees46-aa-v1-0079,post_purchase_amount,42095,42070,welch_t,observed_amount_per_enrolled_user,ok,,43.85315928257513,39.3050817684811,-4.548077514094025,3.390273284430126,73977.35648726614,-11.192999768770232,2.0968447405821813,0.17975980877071118,,,,ok,0.007425889621576665,0.9313284154598573,False,offline_aa_only,2387,2425,184599874,165356479
rees46-aa-v1-0080,post_converted,42294,41871,unpooled_wald_z_min_cell_10,probability,ok,,0.057478602165791835,0.05686513338587566,-0.0006134687799161723,0.0016005575491873864,,-0.003750503931507146,0.0025235663716748013,0.7015088861845469,-0.06134687799161723,-6.134687799161723,-0.010672994067369226,ok,2.125931206558546,0.1448247387121577,False,offline_aa_only,2431,2381,176873101,173083252
rees46-aa-v1-0080,post_purchase_amount,42294,41871,welch_t,observed_amount_per_enrolled_user,ok,,41.8199037688561,41.33726254448186,-0.48264122437424106,3.3937581559288037,81297.6526206041,-7.134384013785137,6.169101565036655,0.8869110231741261,,,,ok,2.125931206558546,0.1448247387121577,False,offline_aa_only,2431,2381,176873101,173083252
rees46-aa-v1-0081,post_converted,41953,42212,unpooled_wald_z_min_cell_10,probability,ok,,0.05646795223225991,0.057874538046053255,0.001406585813793347,0.0016005225918503815,,-0.0017303808226761014,0.004543552450262795,0.37949395069044844,0.1406585813793347,14.065858137933471,0.024909453206446726,ok,0.7970177627279749,0.3719865078238026,False,offline_aa_only,2369,2443,175654397,174301956
rees46-aa-v1-0081,post_purchase_amount,41953,42212,welch_t,observed_amount_per_enrolled_user,ok,,41.86932924939814,41.29203923055056,-0.5772900188475845,3.3893563293134994,82916.50809153871,-7.220403327174569,6.0658232894794,0.8647554536794366,,,,ok,0.7970177627279749,0.3719865078238026,False,offline_aa_only,2369,2443,175654397,174301956
rees46-aa-v1-0082,post_converted,41892,42273,unpooled_wald_z_min_cell_10,probability,ok,,0.0576482383271269,0.056702859981548503,-0.000945378345578396,0.00160064862554235,,-0.004082592003544942,0.0021918353123881493,0.5547736986033397,-0.0945378345578396,-9.45378345578396,-0.01639908474243071,ok,1.7247193013723043,0.18908669894288002,False,offline_aa_only,2415,2397,168476970,181479383
rees46-aa-v1-0082,post_purchase_amount,41892,42273,welch_t,observed_amount_per_enrolled_user,ok,,40.21697937553709,42.93032976131337,2.7133503857762733,3.3871867339784756,80259.17627336203,-3.925513740437986,9.352214511990532,0.4230974745972615,,,,ok,1.7247193013723043,0.18908669894288002,False,offline_aa_only,2415,2397,168476970,181479383
rees46-aa-v1-0083,post_converted,42267,41898,unpooled_wald_z_min_cell_10,probability,ok,,0.055338680294319445,0.059024297102486994,0.0036856168081675494,0.0016007566947249157,,0.0005481913384953368,0.006823042277839762,0.021311407391741897,0.36856168081675494,36.85616808167549,0.06660109689218376,ok,1.6177864908216004,0.20340070625025,False,offline_aa_only,2339,2473,177506700,172449653
rees46-aa-v1-0083,post_purchase_amount,42267,41898,welch_t,observed_amount_per_enrolled_user,ok,,41.996522109447085,41.159399732684136,-0.8371223767629488,3.387663325009881,81025.30889787662,-7.476919671504411,5.802674917978513,0.8048244307681315,,,,ok,1.6177864908216004,0.20340070625025,False,offline_aa_only,2339,2473,177506700,172449653
rees46-aa-v1-0084,post_converted,41877,42288,unpooled_wald_z_min_cell_10,probability,ok,,0.05740621343458223,0.05694286795308362,-0.00046334548149860877,0.0016006273108388172,,-0.0036005173634138885,0.002673826400416671,0.7722160485975482,-0.04633454814986088,-4.633454814986088,-0.008071347224923977,ok,2.007021921226163,0.15657240876713996,False,offline_aa_only,2404,2408,175006229,174950124
rees46-aa-v1-0084,post_purchase_amount,41877,42288,welch_t,observed_amount_per_enrolled_user,ok,,41.790536332593064,41.37110385925085,-0.4194324733422121,3.388340925099977,82672.08337970819,-7.060555883551199,6.221690936866775,0.9014842458794609,,,,ok,2.007021921226163,0.15657240876713996,False,offline_aa_only,2404,2408,175006229,174950124
rees46-aa-v1-0085,post_converted,42088,42077,unpooled_wald_z_min_cell_10,probability,ok,,0.05657194449724387,0.057775031489887586,0.0012030869926437163,0.0016005759813926567,,-0.0019339842854057426,0.004340158270693175,0.4522562837082844,0.12030869926437163,12.030869926437163,0.021266495315576957,ok,0.0014376522307372422,0.9697543493199434,False,offline_aa_only,2381,2431,178698494,171257859
rees46-aa-v1-0085,post_purchase_amount,42088,42077,welch_t,observed_amount_per_enrolled_user,ok,,42.45830022809352,40.70106210043491,-1.75723812765861,3.3906724193022217,84149.0153944939,-8.402929541723188,4.8884532864059675,0.6042806594975823,,,,ok,0.0014376522307372422,0.9697543493199434,False,offline_aa_only,2381,2431,178698494,171257859
rees46-aa-v1-0086,post_converted,41993,42172,unpooled_wald_z_min_cell_10,probability,ok,,0.05660467220727264,0.05773973252394954,0.0011350603166769002,0.0016005463685352195,,-0.0020019529212385026,0.004272073554592303,0.4782186589397276,0.11350603166769002,11.350603166769002,0.020052413915949967,ok,0.3806926869839007,0.5372327549826151,False,offline_aa_only,2377,2435,163538625,186417728
rees46-aa-v1-0086,post_purchase_amount,41993,42172,welch_t,observed_amount_per_enrolled_user,ok,,38.94425856690401,44.20414682727876,5.259888260374751,3.387898632109062,73701.60638345203,-1.3803800916147795,11.900156612364281,0.1205345322434854,,,,ok,0.3806926869839007,0.5372327549826151,False,offline_aa_only,2377,2435,163538625,186417728
rees46-aa-v1-0087,post_converted,42074,42091,unpooled_wald_z_min_cell_10,probability,ok,,0.059347815753196746,0.05499988120975981,-0.004347934543436939,0.0016005206853830323,,-0.007484897443299046,-0.0012109716435748327,0.006596124065686454,-0.4347934543436939,-43.47934543436939,-0.0732619134884124,ok,0.00343373136101705,0.9532722645890626,False,offline_aa_only,2497,2315,183947839,166008514
rees46-aa-v1-0087,post_purchase_amount,42074,42091,welch_t,observed_amount_per_enrolled_user,ok,,43.72007391738366,39.44038250457342,-4.279691412810237,3.390609006576145,83842.78497648623,-10.925258887558456,2.365876061937983,0.20687347248065552,,,,ok,0.00343373136101705,0.9532722645890626,False,offline_aa_only,2497,2315,183947839,166008514
rees46-aa-v1-0088,post_converted,42233,41932,unpooled_wald_z_min_cell_10,probability,ok,,0.05884024341155021,0.05549461032147286,-0.003345633090077349,0.0016003906229416316,,-0.006482341072238568,-0.0002089251079161296,0.03657198363168048,-0.3345633090077349,-33.45633090077349,-0.056859606556634475,ok,1.076468840967148,0.2994888455341241,False,offline_aa_only,2485,2327,185295978,164660375
rees46-aa-v1-0088,post_purchase_amount,42233,41932,welch_t,observed_amount_per_enrolled_user,ok,,43.87468993441147,39.26842864637985,-4.606261288031618,3.388387484871588,81489.99789840702,-11.247477365495651,2.0349547894324145,0.1740154692697542,,,,ok,1.076468840967148,0.2994888455341241,False,offline_aa_only,2485,2327,185295978,164660375
rees46-aa-v1-0089,post_converted,42107,42058,unpooled_wald_z_min_cell_10,probability,ok,,0.05671266060275014,0.057634694945075844,0.0009220343423257046,0.0016005834465592085,,-0.0022150515671813344,0.004059120251832743,0.5645736802469643,0.09220343423257046,9.220343423257047,0.016257998346862833,ok,0.028527297570248914,0.8658750952861646,False,offline_aa_only,2388,2424,164976386,184979967
rees46-aa-v1-0089,post_purchase_amount,42107,42058,welch_t,observed_amount_per_enrolled_user,ok,,39.18027548863609,43.982112083313524,4.801836594677432,3.3906739689604066,84140.24514719988,-1.8438578666687881,11.447531056023653,0.15672375514049303,,,,ok,0.028527297570248914,0.8658750952861646,False,offline_aa_only,2388,2424,164976386,184979967
rees46-aa-v1-0090,post_converted,42174,41991,unpooled_wald_z_min_cell_10,probability,ok,,0.05515246360316783,0.05920316258245815,0.004050698979290321,0.0016006379606147015,,0.0009135062241978644,0.007187891734382777,0.011384236478723298,0.4050698979290321,40.506989792903205,0.07344547667781169,ok,0.3978969880591695,0.5281773431152283,False,offline_aa_only,2326,2486,172720125,177236228
rees46-aa-v1-0090,post_purchase_amount,42174,41991,welch_t,observed_amount_per_enrolled_user,ok,,40.954172001707214,42.20814650758496,1.2539745058777427,3.3897388777991835,82877.05123065488,-5.389888640821764,7.897837652577249,0.7114337460403103,,,,ok,0.3978969880591695,0.5281773431152283,False,offline_aa_only,2326,2486,172720125,177236228
rees46-aa-v1-0091,post_converted,42103,42062,unpooled_wald_z_min_cell_10,probability,ok,,0.057406835617414435,0.056939755598877845,-0.0004670800185365906,0.0016005756608737502,,-0.0036041506683805362,0.002669990631307355,0.7704242387707135,-0.04670800185365906,-4.670800185365906,-0.008136313620374876,ok,0.0199726727261926,0.8876134323616294,False,offline_aa_only,2417,2395,169580223,180376130
rees46-aa-v1-0091,post_purchase_amount,42103,42062,welch_t,observed_amount_per_enrolled_user,ok,,40.277467876398354,42.883393561884844,2.60592568548649,3.390857549831112,83097.79019475736,-4.040129792292593,9.251981163265572,0.4421833272850484,,,,ok,0.0199726727261926,0.8876134323616294,False,offline_aa_only,2417,2395,169580223,180376130
rees46-aa-v1-0092,post_converted,41980,42185,unpooled_wald_z_min_cell_10,probability,ok,,0.0570271557884707,0.05731895223420647,0.0002917964457357716,0.001600574359031657,,-0.002845271652544558,0.003428864544016101,0.8553415427130064,0.029179644573577163,2.917964457357716,0.005116798158725018,ok,0.49931681815481493,0.479800460248446,False,offline_aa_only,2394,2418,170910924,179045429
rees46-aa-v1-0092,post_purchase_amount,41980,42185,welch_t,observed_amount_per_enrolled_user,ok,,40.71246403049071,42.442913120777526,1.7304490902868181,3.389517448135231,82612.68345091242,-4.912980366394075,8.373878546967712,0.60968182551555,,,,ok,0.49931681815481493,0.479800460248446,False,offline_aa_only,2394,2418,170910924,179045429
rees46-aa-v1-0093,post_converted,41917,42248,unpooled_wald_z_min_cell_10,probability,ok,,0.056349452489443425,0.05799091081234615,0.0016414583229027238,0.001600496764673989,,-0.001495457693231173,0.00477837433903662,0.3050834552488091,0.16414583229027238,16.414583229027237,0.029129978205382503,ok,1.3017406285272977,0.25389552242926416,False,offline_aa_only,2362,2450,164922971,185033382
rees46-aa-v1-0093,post_purchase_amount,41917,42248,welch_t,observed_amount_per_enrolled_user,ok,,39.34512751389651,43.79695654232153,4.451829028425024,3.3906219171630245,84161.73601496012,-2.193763387394081,11.09742144424413,0.1891922474400811,,,,ok,1.3017406285272977,0.25389552242926416,False,offline_aa_only,2362,2450,164922971,185033382
rees46-aa-v1-0094,post_converted,42089,42076,unpooled_wald_z_min_cell_10,probability,ok,,0.05683195134120554,0.05751497290616979,0.0006830215649642479,0.0016005789472140503,,-0.002454055525988327,0.0038200986559168227,0.6695730338471335,0.06830215649642479,6.830215649642479,0.01201826699321916,ok,0.0020079605536743304,0.9642585367621211,False,offline_aa_only,2392,2420,177723391,172232962
rees46-aa-v1-0094,post_purchase_amount,42089,42076,welch_t,observed_amount_per_enrolled_user,ok,,42.22561500629619,40.93377745032798,-1.2918375559682076,3.3906851617720752,84156.57036268737,-7.9375539365925745,5.353878824656159,0.7032071626055674,,,,ok,0.0020079605536743304,0.9642585367621211,False,offline_aa_only,2392,2420,177723391,172232962
rees46-aa-v1-0095,post_converted,41901,42264,unpooled_wald_z_min_cell_10,probability,ok,,0.05708694303238586,0.057259133068332385,0.00017219003594652615,0.0016005842842671094,,-0.002964897515437828,0.0033092775873308803,0.9143292696695942,0.017219003594652615,1.7219003594652615,0.0030162770469044286,ok,1.565603279272857,0.21084667474250912,False,offline_aa_only,2392,2420,177469549,172486804
rees46-aa-v1-0095,post_purchase_amount,41901,42264,welch_t,observed_amount_per_enrolled_user,ok,,42.35449010763465,40.81175563127011,-1.5427344763645436,3.3910775419800436,84067.60333294241,-8.189220020289827,5.103751067560739,0.6491540762444742,,,,ok,1.565603279272857,0.21084667474250912,False,offline_aa_only,2392,2420,177469549,172486804
rees46-aa-v1-0096,post_converted,42243,41922,unpooled_wald_z_min_cell_10,probability,ok,,0.057690031484506306,0.05665283144888125,-0.0010372000356250535,0.0016005349051778544,,-0.0041741908057728785,0.0020997907345227714,0.5169633644241465,-0.10372000356250535,-10.372000356250535,-0.01797884329294589,ok,1.2242737479950099,0.26852355501629205,False,offline_aa_only,2437,2375,180022427,169933926
rees46-aa-v1-0096,post_purchase_amount,42243,41922,welch_t,observed_amount_per_enrolled_user,ok,,42.615919087186036,40.535739229998576,-2.08017985718746,3.389269561602674,83277.65754496408,-8.723122680910457,4.562762966535537,0.5393791642961607,,,,ok,1.2242737479950099,0.26852355501629205,False,offline_aa_only,2437,2375,180022427,169933926
rees46-aa-v1-0097,post_converted,41978,42187,unpooled_wald_z_min_cell_10,probability,ok,,0.056362856734479966,0.05797994642899471,0.0016170896945147464,0.001600521700039866,,-0.0015198751940382108,0.004754054583067704,0.31232685743319677,0.16170896945147464,16.170896945147465,0.028690697885181752,ok,0.5189924552961445,0.47127178857590457,False,offline_aa_only,2366,2446,178422652,171533701
rees46-aa-v1-0097,post_purchase_amount,41978,42187,welch_t,observed_amount_per_enrolled_user,ok,,42.50384772976321,40.66032213715126,-1.8435255926119467,3.392615740329068,79804.2319288307,-8.493031107891653,4.805979922667761,0.5868603668986904,,,,ok,0.5189924552961445,0.47127178857590457,False,offline_aa_only,2366,2446,178422652,171533701
rees46-aa-v1-0098,post_converted,42126,42039,unpooled_wald_z_min_cell_10,probability,ok,,0.05868109955846745,0.055662599015200175,-0.0030185005432672787,0.001600505281559984,,-0.006155433252190986,0.00011843216565642859,0.059299368156324896,-0.30185005432672785,-30.18500543267279,-0.051439059015241664,ok,0.08993049367314204,0.7642655371122467,False,offline_aa_only,2472,2340,186006582,163949771
rees46-aa-v1-0098,post_purchase_amount,42126,42039,welch_t,observed_amount_per_enrolled_user,ok,,44.15481697763852,38.99944599062775,-5.15537098701077,3.3898555266388057,80226.51605213706,-11.799465970396893,1.488723996375354,0.12830814754943887,,,,ok,0.08993049367314204,0.7642655371122467,False,offline_aa_only,2472,2340,186006582,163949771
rees46-aa-v1-0099,post_converted,42054,42111,unpooled_wald_z_min_cell_10,probability,ok,,0.05778285062063062,0.05656479304694735,-0.0012180575736832691,0.0016005849794113634,,-0.004355146487525325,0.0019190313401587869,0.4466524383298197,-0.12180575736832691,-12.180575736832692,-0.02107991489863218,ok,0.03860274460880413,0.8442377631069674,False,offline_aa_only,2430,2382,175236761,174719592
rees46-aa-v1-0099,post_purchase_amount,42054,42111,welch_t,observed_amount_per_enrolled_user,ok,,41.6694633090788,41.490250053430216,-0.17921325564858392,3.390728122104625,84127.93596098064,-6.825013870721927,6.466587359424759,0.957848429104398,,,,ok,0.03860274460880413,0.8442377631069674,False,offline_aa_only,2430,2382,175236761,174719592
rees46-aa-v1-0100,post_converted,42057,42108,unpooled_wald_z_min_cell_10,probability,ok,,0.056946524954228785,0.05740001899876508,0.000453494044536297,0.001600575189775737,,-0.0026835756819725094,0.0035905637710451034,0.7769224093253974,0.0453494044536297,4.53494044536297,0.007963506902322774,ok,0.03090358224915345,0.8604556677577363,False,offline_aa_only,2395,2417,159774416,190181937
rees46-aa-v1-0100,post_purchase_amount,42057,42108,welch_t,observed_amount_per_enrolled_user,ok,,37.98996980288656,45.16527429467085,7.1753044917842885,3.3897798638228274,72793.37441941308,0.5313475714605831,13.819261412107995,0.034284755641212056,,,,ok,0.03090358224915345,0.8604556677577363,False,offline_aa_only,2395,2417,159774416,190181937
rees46-aa-v1-0101,post_converted,41968,42197,unpooled_wald_z_min_cell_10,probability,ok,,0.05663839115516584,0.05770552408939024,0.0010671329342243976,0.0016005427920773021,,-0.0020698732939622945,0.00420413916241109,0.5049433997089365,0.10671329342243976,10.671329342243977,0.0188411590170507,ok,0.623073724232163,0.4299073590172805,False,offline_aa_only,2377,2435,187193158,162763195
rees46-aa-v1-0101,post_purchase_amount,41968,42197,welch_t,observed_amount_per_enrolled_user,ok,,44.603783358749524,38.572219589070315,-6.0315637696792095,3.3939024086909986,74536.45083230925,-12.683598277195745,0.6204707378373264,0.07554327357450459,,,,ok,0.623073724232163,0.4299073590172805,False,offline_aa_only,2377,2435,187193158,162763195
rees46-aa-v1-0102,post_converted,41849,42316,unpooled_wald_z_min_cell_10,probability,ok,,0.057062295395349946,0.05728329709802439,0.00022100170267444486,0.0016005876063744583,,-0.002916092359920666,0.003358095765269556,0.8901808627019896,0.022100170267444486,2.2100170267444486,0.003872990056625981,ok,2.5912077466880534,0.10745836798241198,False,offline_aa_only,2388,2424,181982743,167973610
rees46-aa-v1-0102,post_purchase_amount,41849,42316,welch_t,observed_amount_per_enrolled_user,ok,,43.48556548543573,39.6950586066736,-3.7905068787621303,3.3962500289303272,77008.59679199141,-10.447139242001327,2.8661254844770667,0.2643888358261718,,,,ok,2.5912077466880534,0.10745836798241198,False,offline_aa_only,2388,2424,181982743,167973610
rees46-aa-v1-0103,post_converted,42186,41979,unpooled_wald_z_min_cell_10,probability,ok,,0.056962025316455694,0.05738583577503037,0.0004238104585746749,0.0016005971522164264,,-0.0027133023135268953,0.003560923230676245,0.791176853701747,0.04238104585746749,4.238104585746749,0.007440228050533182,ok,0.5091071110319016,0.4755256365342888,False,offline_aa_only,2403,2409,175441297,174515056
rees46-aa-v1-0103,post_purchase_amount,42186,41979,welch_t,observed_amount_per_enrolled_user,ok,,41.58756388375291,41.571989804426025,-0.015574079326881929,3.3916653554909435,82941.39892844648,-6.663213032742323,6.6320648740885595,0.9963362434033952,,,,ok,0.5091071110319016,0.4755256365342888,False,offline_aa_only,2403,2409,175441297,174515056
rees46-aa-v1-0104,post_converted,41994,42171,unpooled_wald_z_min_cell_10,probability,ok,,0.05536505215030719,0.058974176566835027,0.0036091244165278383,0.001600434658031668,,0.0004723301271760917,0.006745918705879585,0.024127671435691722,0.3609124416527838,36.09124416527838,0.06518777236458927,ok,0.37223311352700056,0.5417895391317438,False,offline_aa_only,2325,2487,171758698,178197655
rees46-aa-v1-0104,post_purchase_amount,41994,42171,welch_t,observed_amount_per_enrolled_user,ok,,40.90077106253274,42.25597092788884,1.3551998653560986,3.3896275709755423,82440.1289626445,-5.288445635024879,7.998845365737076,0.6892990508029553,,,,ok,0.37223311352700056,0.5417895391317438,False,offline_aa_only,2325,2487,171758698,178197655
rees46-aa-v1-0105,post_converted,42020,42145,unpooled_wald_z_min_cell_10,probability,ok,,0.05666349357448834,0.05768181278918021,0.001018319214691872,0.0016005573026620268,,-0.0021187154537182754,0.004155353883102019,0.5246278895217221,0.10183192146918721,10.18319214691872,0.01797134540166,ok,0.1856472405394166,0.6665643462742354,False,offline_aa_only,2381,2431,167740197,182216156
rees46-aa-v1-0105,post_purchase_amount,42020,42145,welch_t,observed_amount_per_enrolled_user,ok,,39.91913303188958,43.23553351524499,3.316400483355409,3.390643208121558,84162.67261695361,-3.329233661512154,9.962034628222971,0.3280258762984822,,,,ok,0.1856472405394166,0.6665643462742354,False,offline_aa_only,2381,2431,167740197,182216156
rees46-aa-v1-0106,post_converted,42046,42119,unpooled_wald_z_min_cell_10,probability,ok,,0.05779384483660752,0.056554049241434985,-0.0012397955951725381,0.0016005883086656213,,-0.004376891034233036,0.001897299843887959,0.43858348335764963,-0.12397955951725381,-12.39795595172538,-0.021452035224125324,ok,0.06331610526941127,0.8013294512906404,False,offline_aa_only,2430,2382,164608181,185348172
rees46-aa-v1-0106,post_purchase_amount,42046,42119,welch_t,observed_amount_per_enrolled_user,ok,,39.14954597345764,44.005833946674905,4.856287973217263,3.390341542094765,83313.40427331874,-1.7887558827601735,11.5013318291947,0.15203627313526108,,,,ok,0.06331610526941127,0.8013294512906404,False,offline_aa_only,2430,2382,164608181,185348172
rees46-aa-v1-0107,post_converted,42288,41877,unpooled_wald_z_min_cell_10,probability,ok,,0.05682463110102157,0.05752561071710008,0.000700979616078512,0.0016006415419034506,,-0.0024362201582109107,0.0038381793903679347,0.6614321971812929,0.0700979616078512,7.00979616078512,0.012335841034010867,ok,2.007021921226163,0.15657240876713996,False,offline_aa_only,2403,2409,167101015,182855338
rees46-aa-v1-0107,post_purchase_amount,42288,41877,welch_t,observed_amount_per_enrolled_user,ok,,39.51499597994703,43.66486090216586,4.149864922218832,3.393958456888231,80716.35023081664,-2.502271168960763,10.802001013398428,0.221438590893558,,,,ok,2.007021921226163,0.15657240876713996,False,offline_aa_only,2403,2409,167101015,182855338
rees46-aa-v1-0108,post_converted,41895,42270,unpooled_wald_z_min_cell_10,probability,ok,,0.057453156701277,0.05689614383723681,-0.0005570128640401892,0.001600626640717624,,-0.0036941834325420653,0.002580157704461687,0.7278426265567962,-0.05570128640401892,-5.570128640401892,-0.009695078495622653,ok,1.6708251648547496,0.19614804688823664,False,offline_aa_only,2407,2405,184567469,165388884
rees46-aa-v1-0108,post_purchase_amount,41895,42270,welch_t,observed_amount_per_enrolled_user,ok,,44.054772407208496,39.12677643718949,-4.927995970019005,3.395193443248367,76895.9704810949,-11.582557584019217,1.726565643981207,0.1466551960748571,,,,ok,1.6708251648547496,0.19614804688823664,False,offline_aa_only,2407,2405,184567469,165388884
rees46-aa-v1-0109,post_converted,42001,42164,unpooled_wald_z_min_cell_10,probability,ok,,0.05764148472655413,0.056707143534768994,-0.0009343411917851346,0.0016006028266511148,,-0.004071465085574327,0.0022027827020040577,0.5593930240106515,-0.09343411917851346,-9.343411917851347,-0.016209526805521454,ok,0.3156775381690727,0.5742169395350164,False,offline_aa_only,2421,2391,182027197,167929156
rees46-aa-v1-0109,post_purchase_amount,42001,42164,welch_t,observed_amount_per_enrolled_user,ok,,43.33877693388253,39.82761502703728,-3.5111619068452455,3.3906714730309275,84161.41238716466,-10.156851452145037,3.1345276384545464,0.3004217027936025,,,,ok,0.3156775381690727,0.5742169395350164,False,offline_aa_only,2421,2391,182027197,167929156
rees46-aa-v1-0110,post_converted,42138,42027,unpooled_wald_z_min_cell_10,probability,ok,,0.058023636622525986,0.0563209365407952,-0.0017027000817307833,0.0016005403765465254,,-0.00483970157556415,0.0014343014121025832,0.2874065073211287,-0.17027000817307833,-17.027000817307833,-0.029344939077289058,ok,0.14639101764391374,0.702008367722375,False,offline_aa_only,2445,2367,176256282,173700071
rees46-aa-v1-0110,post_purchase_amount,42138,42027,welch_t,observed_amount_per_enrolled_user,ok,,41.828345436423184,41.330590096842506,-0.49775533958067797,3.391241960972325,82829.14523526885,-7.144564574334754,6.149053895173398,0.8833086251039121,,,,ok,0.14639101764391374,0.702008367722375,False,offline_aa_only,2445,2367,176256282,173700071
rees46-aa-v1-0111,post_converted,42055,42110,unpooled_wald_z_min_cell_10,probability,ok,,0.05692545476162168,0.05742104013298504,0.0004955853713633565,0.0016005744443460786,,-0.0026414828941301667,0.0036326536368568797,0.756842574645271,0.04955853713633565,4.955853713633565,0.008705865828189623,ok,0.035941305768431055,0.8496367531668785,False,offline_aa_only,2394,2418,182517600,167438753
rees46-aa-v1-0111,post_purchase_amount,42055,42110,welch_t,observed_amount_per_enrolled_user,ok,,43.39973843776008,39.762230586559006,-3.6375078512010717,3.390714531875318,84108.78220433234,-10.283281851305308,3.0082661489031635,0.2833706488969085,,,,ok,0.035941305768431055,0.8496367531668785,False,offline_aa_only,2394,2418,182517600,167438753
rees46-aa-v1-0112,post_converted,42041,42124,unpooled_wald_z_min_cell_10,probability,ok,,0.05737256487714374,0.05697464628240433,-0.0003979185947394076,0.0016005846227830718,,-0.0035350068096028564,0.002739169620124041,0.8036638007847717,-0.03979185947394076,-3.9791859473940763,-0.006935694710381192,ok,0.08185112576486663,0.7748043213189271,False,offline_aa_only,2412,2400,180376344,169580009
rees46-aa-v1-0112,post_purchase_amount,42041,42124,welch_t,observed_amount_per_enrolled_user,ok,,42.904865250588706,40.25733762225809,-2.6475276283306144,3.3915459279884277,78720.75240383873,-9.294937705802809,3.9998824491415803,0.43502506859787604,,,,ok,0.08185112576486663,0.7748043213189271,False,offline_aa_only,2412,2400,180376344,169580009
rees46-aa-v1-0113,post_converted,41956,42209,unpooled_wald_z_min_cell_10,probability,ok,,0.057512632281437694,0.05683621976355754,-0.0006764125178801567,0.0016006115409933222,,-0.0038135534914662244,0.002460728455705911,0.6725898252693931,-0.06764125178801567,-6.764125178801566,-0.011761112142635663,ok,0.7605180300600012,0.38316645508537006,False,offline_aa_only,2413,2399,177406738,172549615
rees46-aa-v1-0113,post_purchase_amount,41956,42209,welch_t,observed_amount_per_enrolled_user,ok,,42.283997044522835,40.87981591603686,-1.4041811284859733,3.3916771768989693,83291.60853861683,-8.051842843880053,5.243480586908106,0.6788693909449905,,,,ok,0.7605180300600012,0.38316645508537006,False,offline_aa_only,2413,2399,177406738,172549615
rees46-aa-v1-0114,post_converted,42240,41925,unpooled_wald_z_min_cell_10,probability,ok,,0.05724431818181818,0.05710196779964222,-0.0001423503821759639,0.0016005834020725307,,-0.0032794362044907166,0.002994735440138789,0.9291323277847625,-0.01423503821759639,-1.4235038217596392,-0.00248671635364463,ok,1.1789342363215114,0.2775730706786019,False,offline_aa_only,2418,2394,172778740,177177613
rees46-aa-v1-0114,post_purchase_amount,42240,41925,welch_t,observed_amount_per_enrolled_user,ok,,40.904057765151514,42.26061132975551,1.356553564603999,3.3934069789672345,80270.41634938715,-5.294502187576343,8.007609316784341,0.6893332318563864,,,,ok,1.1789342363215114,0.2775730706786019,False,offline_aa_only,2418,2394,172778740,177177613
rees46-aa-v1-0115,post_converted,41995,42170,unpooled_wald_z_min_cell_10,probability,ok,,0.05650672699130849,0.057837325112639316,0.0013305981213308296,0.001600539782285457,,-0.001806402207772245,0.004467598450433904,0.40577968591509794,0.13305981213308296,13.305981213308296,0.023547605606948248,ok,0.3638685914572566,0.5463655295103775,False,offline_aa_only,2373,2439,155792827,194163526
rees46-aa-v1-0115,post_purchase_amount,41995,42170,welch_t,observed_amount_per_enrolled_user,ok,,37.09794666031671,46.043046241403836,8.945099581087128,3.3874702769795064,70854.49256295839,2.3056664220946876,15.584532740079567,0.008276701249908962,,,,ok,0.3638685914572566,0.5463655295103775,False,offline_aa_only,2373,2439,155792827,194163526
rees46-aa-v1-0116,post_converted,42017,42148,unpooled_wald_z_min_cell_10,probability,ok,,0.056596139657757574,0.05774888488184493,0.0011527452240873565,0.0016005526872359818,,-0.0019842803982539695,0.004289770846428682,0.4713914103401984,0.11527452240873565,11.527452240873565,0.020367912565382024,ok,0.20389710687340343,0.6515934329932989,False,offline_aa_only,2378,2434,165562201,184394152
rees46-aa-v1-0116,post_purchase_amount,42017,42148,welch_t,observed_amount_per_enrolled_user,ok,,39.40362258133613,43.749205656258894,4.345583074922764,3.389041358108794,77094.50584600758,-2.2969202147207852,10.988086364566314,0.1997603906210394,,,,ok,0.20389710687340343,0.6515934329932989,False,offline_aa_only,2378,2434,165562201,184394152
rees46-aa-v1-0117,post_converted,42234,41931,unpooled_wald_z_min_cell_10,probability,ok,,0.05711038499786902,0.05723688917507334,0.00012650417720432017,0.001600595573633359,,-0.0030106055009312916,0.003263613855339932,0.9370042345165815,0.012650417720432017,1.2650417720432017,0.002215081849107487,ok,1.0908216004277314,0.2962892404709056,False,offline_aa_only,2412,2400,172173220,177783133
rees46-aa-v1-0117,post_purchase_amount,42234,41931,welch_t,observed_amount_per_enrolled_user,ok,,40.766496187905474,42.39897283632635,1.6324766484208766,3.392275354358171,82632.65772385731,-5.016358260778476,8.281311557620228,0.6303518060292391,,,,ok,1.0908216004277314,0.2962892404709056,False,offline_aa_only,2412,2400,172173220,177783133
rees46-aa-v1-0118,post_converted,42066,42099,unpooled_wald_z_min_cell_10,probability,ok,,0.05740978462416203,0.05693721941138744,-0.0004725652127745908,0.001600581002930068,,-0.003609646332856523,0.0026645159073073413,0.7678059290883523,-0.04725652127745908,-4.725652127745908,-0.008231440265248835,ok,0.01293887007663518,0.9094366459603299,False,offline_aa_only,2415,2397,175658918,174297435
rees46-aa-v1-0118,post_purchase_amount,42066,42099,welch_t,observed_amount_per_enrolled_user,ok,,41.757932296866834,41.40179933015036,-0.35613296671647277,3.3906952919581057,84155.36062404847,-7.0018692038001795,6.289603270367234,0.9163503257406416,,,,ok,0.01293887007663518,0.9094366459603299,False,offline_aa_only,2415,2397,175658918,174297435
rees46-aa-v1-0119,post_converted,42101,42064,unpooled_wald_z_min_cell_10,probability,ok,,0.05546186551388328,0.05888645872955496,0.0034245932156716785,0.001600555693272721,,0.00028756170160660786,0.006561624729736749,0.032384870292640144,0.34245932156716785,34.24593215671678,0.061746808982009994,ok,0.016265668627101527,0.898515445554332,False,offline_aa_only,2335,2477,159463398,190492955
rees46-aa-v1-0119,post_purchase_amount,42101,42064,welch_t,observed_amount_per_enrolled_user,ok,,37.87639200969098,45.286457540890076,7.410065531199095,3.3910800473458016,75848.71329149167,0.7635647074241918,14.056566354973999,0.02887988368269782,,,,ok,0.016265668627101527,0.898515445554332,False,offline_aa_only,2335,2477,159463398,190492955
rees46-aa-v1-0120,post_converted,42126,42039,unpooled_wald_z_min_cell_10,probability,ok,,0.0580639035275127,0.05628107233759128,-0.0017828311899214175,0.0016005440982045187,,-0.004919839978070413,0.0013541775982275784,0.2653260785594953,-0.17828311899214175,-17.828311899214174,-0.03070463888251416,ok,0.08993049367314204,0.7642655371122467,False,offline_aa_only,2446,2366,193583957,156372396
rees46-aa-v1-0120,post_purchase_amount,42126,42039,welch_t,observed_amount_per_enrolled_user,ok,,45.95355766035228,37.19698280168415,-8.756574858668131,3.3892859654961005,74549.43385874724,-15.399561138069485,-2.113588579266777,0.009779265945178901,,,,ok,0.08993049367314204,0.7642655371122467,False,offline_aa_only,2446,2366,193583957,156372396
rees46-aa-v1-0121,post_converted,42029,42136,unpooled_wald_z_min_cell_10,probability,ok,,0.05748411810892479,0.05686348965255364,-0.0006206284563711473,0.0016005895108177949,,-0.0037577262516066087,0.002516469338864314,0.6982011087654467,-0.06206284563711473,-6.206284563711472,-0.010796520444049234,ok,0.13603041644388997,0.7122596486935221,False,offline_aa_only,2416,2396,174737628,175218725
rees46-aa-v1-0121,post_purchase_amount,42029,42136,welch_t,observed_amount_per_enrolled_user,ok,,41.5754902567275,41.58409080121511,0.008600544487613604,3.3908798647180616,83974.12083828855,-6.637497660068811,6.654698749044038,0.9979762733722272,,,,ok,0.13603041644388997,0.7122596486935221,False,offline_aa_only,2416,2396,174737628,175218725
rees46-aa-v1-0122,post_converted,42035,42130,unpooled_wald_z_min_cell_10,probability,ok,,0.057285595337218984,0.05706147638262521,-0.0002241189545937744,0.0016005834319042169,,-0.0033612048353775575,0.0029129669261900087,0.8886415906165376,-0.02241189545937744,-2.241189545937744,-0.003912309076557021,ok,0.10722984613556705,0.7433202293122707,False,offline_aa_only,2408,2404,167156098,182800255
rees46-aa-v1-0122,post_purchase_amount,42035,42130,welch_t,observed_amount_per_enrolled_user,ok,,39.76593267515166,43.389569190600525,3.6236365154488652,3.3896613109627034,78851.86472517156,-3.0200795538798415,10.267352584777573,0.28506116757059063,,,,ok,0.10722984613556705,0.7433202293122707,False,offline_aa_only,2408,2404,167156098,182800255
rees46-aa-v1-0123,post_converted,42246,41919,unpooled_wald_z_min_cell_10,probability,ok,,0.057851630923637744,0.0564898971826618,-0.0013617337409759442,0.0016005149023446531,,-0.004498685306291106,0.0017752178243392175,0.39487502486765946,-0.13617337409759442,-13.617337409759442,-0.02353838118709891,ok,1.2704687221529138,0.25967876636606335,False,offline_aa_only,2444,2368,168416847,181539506
rees46-aa-v1-0123,post_purchase_amount,42246,41919,welch_t,observed_amount_per_enrolled_user,ok,,39.86574989348104,43.30721295832439,3.4414630648433544,3.395733469537328,73058.08067588262,-3.2141625013108124,10.097088630997522,0.3108406122663655,,,,ok,1.2704687221529138,0.25967876636606335,False,offline_aa_only,2444,2368,168416847,181539506
rees46-aa-v1-0124,post_converted,42111,42054,unpooled_wald_z_min_cell_10,probability,ok,,0.0566597801049607,0.05768773481713987,0.0010279547121791674,0.0016005848713246155,,-0.0021091339898167555,0.00416504341417509,0.520719358765182,0.10279547121791674,10.279547121791675,0.018142582097475657,ok,0.03860274460880413,0.8442377631069674,False,offline_aa_only,2386,2426,175679635,174276718
rees46-aa-v1-0124,post_purchase_amount,42111,42054,welch_t,observed_amount_per_enrolled_user,ok,,41.71822920377099,41.44117515575213,-0.27705404801886147,3.3900778109769902,78725.28082670626,-6.921586618904113,6.36747852286639,0.9348656198167242,,,,ok,0.03860274460880413,0.8442377631069674,False,offline_aa_only,2386,2426,175679635,174276718
rees46-aa-v1-0125,post_converted,42063,42102,unpooled_wald_z_min_cell_10,probability,ok,,0.05660556783871811,0.05774072490618023,0.001135157067462117,0.001600567745261963,,-0.0020018980680678103,0.004272212202992044,0.47818702944055813,0.1135157067462117,11.35157067462117,0.02005380584991979,ok,0.01807164498306897,0.8930619131051905,False,offline_aa_only,2381,2431,169372024,180584329
rees46-aa-v1-0125,post_purchase_amount,42063,42102,welch_t,observed_amount_per_enrolled_user,ok,,40.26627297149514,42.892102275426346,2.625829303931205,3.390337659427431,80548.10925166434,-4.019210256342475,9.270868864204886,0.4386352121094069,,,,ok,0.01807164498306897,0.8930619131051905,False,offline_aa_only,2381,2431,169372024,180584329
rees46-aa-v1-0126,post_converted,42070,42095,unpooled_wald_z_min_cell_10,probability,ok,,0.056096981221773236,0.058249198242071504,0.002152217020298268,0.0016005537447899136,,-0.0009848106748106757,0.005289244715407211,0.1787317427788362,0.2152217020298268,21.52217020298268,0.038366004255910226,ok,0.007425889621576665,0.9313284154598573,False,offline_aa_only,2360,2452,178484568,171471785
rees46-aa-v1-0126,post_purchase_amount,42070,42095,welch_t,observed_amount_per_enrolled_user,ok,,42.42561635369622,40.734477966504336,-1.6911383871918844,3.390854823778253,81651.44067743138,-8.337190236698255,4.954913462314486,0.617967343263461,,,,ok,0.007425889621576665,0.9313284154598573,False,offline_aa_only,2360,2452,178484568,171471785
rees46-aa-v1-0127,post_converted,41896,42269,unpooled_wald_z_min_cell_10,probability,ok,,0.05680733244223792,0.05753625588492749,0.0007289234426895649,0.001600550541562984,,-0.0024080979742099624,0.0038659448595890922,0.6488067881290355,0.0728923442689565,7.289234426895649,0.012831502754168913,ok,1.6530505554565438,0.1985442422411602,False,offline_aa_only,2380,2432,172189195,177767158
rees46-aa-v1-0127,post_purchase_amount,41896,42269,welch_t,observed_amount_per_enrolled_user,ok,,41.099196820698864,42.05615415552769,0.9569573348288287,3.3906791352187184,84159.49272250915,-5.688747230479135,7.602661900136792,0.7777665019923095,,,,ok,1.6530505554565438,0.1985442422411602,False,offline_aa_only,2380,2432,172189195,177767158
rees46-aa-v1-0128,post_converted,42222,41943,unpooled_wald_z_min_cell_10,probability,ok,,0.05691345743924968,0.057435090479937057,0.0005216330406873776,0.001600609793134784,,-0.0026155045071589054,0.0036587705885336606,0.7445027058196569,0.05216330406873776,5.216330406873776,0.009165372552601938,ok,0.9248618784530387,0.33620163158332295,False,offline_aa_only,2403,2409,162292121,187664232
rees46-aa-v1-0128,post_purchase_amount,42222,41943,welch_t,observed_amount_per_enrolled_user,ok,,38.43780990952584,44.742682211572856,6.304872302047016,3.393384537101224,79168.59631857104,-0.3461408599868605,12.955885464080893,0.06317423742597715,,,,ok,0.9248618784530387,0.33620163158332295,False,offline_aa_only,2403,2409,162292121,187664232
rees46-aa-v1-0129,post_converted,41946,42219,unpooled_wald_z_min_cell_10,probability,ok,,0.05678729795451295,0.05755702408868045,0.0007697261341675019,0.0016005526642150095,,-0.002367299443053547,0.0039067517113885505,0.6305785324500159,0.07697261341675019,7.697261341675018,0.013554547617040315,ok,0.8855106041703796,0.34669679822185895,False,offline_aa_only,2382,2430,167219622,182736731
rees46-aa-v1-0129,post_purchase_amount,41946,42219,welch_t,observed_amount_per_enrolled_user,ok,,39.86545129452153,43.28305525948033,3.4176039649588006,3.388453349618972,81041.52081307246,-3.223741752847647,10.058949682765249,0.31316811455847676,,,,ok,0.8855106041703796,0.34669679822185895,False,offline_aa_only,2382,2430,167219622,182736731
rees46-aa-v1-0130,post_converted,42085,42080,unpooled_wald_z_min_cell_10,probability,ok,,0.056837352976119755,0.05750950570342205,0.000672152727302297,0.0016005781234780744,,-0.0024649227491574323,0.0038092282037620264,0.6745265699844327,0.0672152727302297,6.7215272730229705,0.011825897796202831,ok,0.0002970355848630666,0.9862493634801419,False,offline_aa_only,2392,2420,166014531,183941822
rees46-aa-v1-0130,post_purchase_amount,42085,42080,welch_t,observed_amount_per_enrolled_user,ok,,39.44743519068552,43.71241017110266,4.2649749804171435,3.390675385977107,83019.02335710212,-2.3807235494098977,10.910673510244184,0.2084480592993643,,,,ok,0.0002970355848630666,0.9862493634801419,False,offline_aa_only,2392,2420,166014531,183941822
rees46-aa-v1-0131,post_converted,42401,41764,unpooled_wald_z_min_cell_10,probability,ok,,0.057144878658522205,0.0572023752514127,5.7496592890497744e-05,0.0016006308260994792,,-0.003079682178809076,0.0031946753645900714,0.9713451852129052,0.005749659289049774,0.5749659289049774,0.0010061547813248017,ok,4.821113289372067,0.028113181801436484,False,offline_aa_only,2423,2389,182383515,167572838
rees46-aa-v1-0131,post_purchase_amount,42401,41764,welch_t,observed_amount_per_enrolled_user,ok,,43.01396547251244,40.123752035245666,-2.890213437266773,3.384600872665388,80081.82791324581,-9.52400951356113,3.743582639027583,0.3931461315408795,,,,ok,4.821113289372067,0.028113181801436484,False,offline_aa_only,2423,2389,182383515,167572838
rees46-aa-v1-0132,post_converted,42235,41930,unpooled_wald_z_min_cell_10,probability,ok,,0.05604356576299278,0.05831147150011925,0.0022679057371264716,0.0016006787525597462,,-0.0008693669687091319,0.005405178442962075,0.15652970219683413,0.22679057371264716,22.679057371264715,0.04046683515316288,ok,1.1052694112754708,0.29311259019139485,False,offline_aa_only,2367,2445,165319910,184636443
rees46-aa-v1-0132,post_purchase_amount,42235,41930,welch_t,observed_amount_per_enrolled_user,ok,,39.1428696578667,44.034448604817555,4.891578946950858,3.390505586376683,84160.32010017446,-1.7537854630455465,11.536943356947262,0.14910069674874984,,,,ok,1.1052694112754708,0.29311259019139485,False,offline_aa_only,2367,2445,165319910,184636443
rees46-aa-v1-0133,post_converted,42256,41909,unpooled_wald_z_min_cell_10,probability,ok,,0.05710431654676259,0.057243074279987594,0.0001387577332250048,0.001600600326610785,,-0.0029983612605751814,0.003275876727025191,0.930917085593929,0.013875773322500479,1.3875773322500478,0.002429899202302446,ok,1.4306303095110795,0.23166159919239337,False,offline_aa_only,2413,2399,154856714,195099639
rees46-aa-v1-0133,post_purchase_amount,42256,41909,welch_t,observed_amount_per_enrolled_user,ok,,36.647272340022724,46.55316018039085,9.905887840368123,3.3953040206881973,75057.97575903774,3.251106930079713,16.560668750656532,0.00352924786462957,,,,ok,1.4306303095110795,0.23166159919239337,False,offline_aa_only,2413,2399,154856714,195099639
rees46-aa-v1-0134,post_converted,41934,42231,unpooled_wald_z_min_cell_10,probability,ok,,0.05627891448466638,0.05806161350666572,0.0017826990219993386,0.0016004947229830491,,-0.0013542129924938484,0.004919611036492525,0.26534676644862465,0.17826990219993386,17.826990219993384,0.031676144401915365,ok,1.0480484762074496,0.30595696877396883,False,offline_aa_only,2360,2452,182508146,167448207
rees46-aa-v1-0134,post_purchase_amount,41934,42231,welch_t,observed_amount_per_enrolled_user,ok,,43.52271331139409,39.6505427292747,-3.872170582119395,3.394577211730852,75791.93744094591,-10.525525911051876,2.7811847468130866,0.2540012903579967,,,,ok,1.0480484762074496,0.30595696877396883,False,offline_aa_only,2360,2452,182508146,167448207
rees46-aa-v1-0135,post_converted,42079,42086,unpooled_wald_z_min_cell_10,probability,ok,,0.05739204829012096,0.05695480682412204,-0.0004372414659989249,0.0016005790465879496,,-0.0035743187517207633,0.0026998358197229135,0.784717118906642,-0.04372414659989249,-4.372414659989249,-0.007618502545659942,ok,0.0005821897463316105,0.9807500237087872,False,offline_aa_only,2415,2397,180279939,169676414
rees46-aa-v1-0135,post_purchase_amount,42079,42086,welch_t,observed_amount_per_enrolled_user,ok,,42.84320896409135,40.316593166373615,-2.5266157977177386,3.3906455721102766,83407.61764550584,-9.17225544117651,4.119023845741032,0.45616955197298853,,,,ok,0.0005821897463316105,0.9807500237087872,False,offline_aa_only,2415,2397,180279939,169676414
rees46-aa-v1-0136,post_converted,42189,41976,unpooled_wald_z_min_cell_10,probability,ok,,0.05717130057597952,0.05717552887364208,4.22829766255628e-06,0.0016005845387209378,,-0.0031328597524421372,0.00314131634776725,0.9978922141143888,0.00042282976625562796,0.042282976625562796,7.395839555787184e-05,ok,0.5390482979860988,0.46282741042329856,False,offline_aa_only,2412,2400,183860474,166095879
rees46-aa-v1-0136,post_purchase_amount,42189,41976,welch_t,observed_amount_per_enrolled_user,ok,,43.580192467230795,39.56924885648942,-4.010943610741371,3.388936986664283,81030.40829764673,-10.653237267500554,2.6313500460178103,0.23659854359229646,,,,ok,0.5390482979860988,0.46282741042329856,False,offline_aa_only,2412,2400,183860474,166095879
rees46-aa-v1-0137,post_converted,41721,42444,unpooled_wald_z_min_cell_10,probability,ok,,0.05754895616116584,0.05680425973046838,-0.0007446964306974599,0.0016007203879403826,,-0.0038820507403795933,0.0023926578789846735,0.6417697611757033,-0.07446964306974599,-7.446964306974599,-0.012940224816796636,ok,6.210764569595438,0.012697577692279539,False,offline_aa_only,2401,2411,165794871,184161482
rees46-aa-v1-0137,post_purchase_amount,41721,42444,welch_t,observed_amount_per_enrolled_user,ok,,39.73894944991731,43.389285175761,3.6503357258436964,3.382379153824187,78346.15350646342,-2.979108015535421,10.279779467222813,0.2804923960364158,,,,ok,6.210764569595438,0.012697577692279539,False,offline_aa_only,2401,2411,165794871,184161482
rees46-aa-v1-0138,post_converted,41841,42324,unpooled_wald_z_min_cell_10,probability,ok,,0.056786405678640565,0.05755599659767508,0.0007695909190345157,0.0016005453572857592,,-0.0023674203368683655,0.0039066021749373965,0.6306370180598846,0.07695909190345157,7.695909190345157,0.01355237947951312,ok,2.7718053822847977,0.09593789960697566,False,offline_aa_only,2376,2436,180149256,169807097
rees46-aa-v1-0138,post_purchase_amount,41841,42324,welch_t,observed_amount_per_enrolled_user,ok,,43.05567648956765,40.120758198657974,-2.9349182909096783,3.395375239849631,79212.3994733026,-9.589833162023064,3.7199965802037074,0.3873779374600546,,,,ok,2.7718053822847977,0.09593789960697566,False,offline_aa_only,2376,2436,180149256,169807097
rees46-aa-v1-0139,post_converted,42180,41985,unpooled_wald_z_min_cell_10,probability,ok,,0.057349454717875774,0.05699654638561391,-0.00035290833226186286,0.0016005723550234746,,-0.0034899725027583302,0.0027841558382346045,0.825490467609762,-0.035290833226186286,-3.5290833226186287,-0.006153647562962122,ok,0.45179112457672427,0.5014856028878808,False,offline_aa_only,2419,2393,183008206,166948147
rees46-aa-v1-0139,post_purchase_amount,42180,41985,welch_t,observed_amount_per_enrolled_user,ok,,43.38743622569938,39.763760152435395,-3.6236760732639866,3.388715300408835,79420.42696831515,-10.265537237645457,3.018185091117485,0.28492143692607763,,,,ok,0.45179112457672427,0.5014856028878808,False,offline_aa_only,2419,2393,183008206,166948147
rees46-aa-v1-0140,post_converted,42393,41772,unpooled_wald_z_min_cell_10,probability,ok,,0.05793409289269455,0.05640141721727473,-0.0015326756754198215,0.0016004654152373986,,-0.004669530247787065,0.0016041788969474225,0.33824243840251245,-0.15326756754198215,-15.326756754198215,-0.026455504848563717,ok,4.581963999287114,0.032310161752690636,False,offline_aa_only,2456,2356,180861354,169094999
rees46-aa-v1-0140,post_purchase_amount,42393,41772,welch_t,observed_amount_per_enrolled_user,ok,,42.663023140612836,40.480465144115676,-2.1825579964971595,3.3877600414937934,83234.61593945576,-8.822542222076727,4.457426229082407,0.5194163348623559,,,,ok,4.581963999287114,0.032310161752690636,False,offline_aa_only,2456,2356,180861354,169094999
rees46-aa-v1-0141,post_converted,42365,41800,unpooled_wald_z_min_cell_10,probability,ok,,0.056933789684881386,0.05741626794258373,0.00048247825770234704,0.0016006570618157276,,-0.002654751935056182,0.003619708450460876,0.7630903363974312,0.048247825770234704,4.824782577023471,0.008474374538789358,ok,3.7928473831164973,0.05147201748565386,False,offline_aa_only,2412,2400,171002829,178953524
rees46-aa-v1-0141,post_purchase_amount,42365,41800,welch_t,observed_amount_per_enrolled_user,ok,,40.36417538062079,42.811847846889954,2.447672466269161,3.394223384339879,81911.22411932965,-4.204981425720612,9.100326358258933,0.47083228948177425,,,,ok,3.7928473831164973,0.05147201748565386,False,offline_aa_only,2412,2400,171002829,178953524
rees46-aa-v1-0142,post_converted,41836,42329,unpooled_wald_z_min_cell_10,probability,ok,,0.05727124964145712,0.05707670863946703,-0.00019454100199008811,0.0016006215748977334,,-0.003331701641667426,0.00294261963768725,0.9032626137612859,-0.01945410019900881,-1.9454100199008812,-0.003396835291843625,ok,2.887768074615339,0.08925449508582496,False,offline_aa_only,2396,2416,176795771,173160582
rees46-aa-v1-0142,post_purchase_amount,41836,42329,welch_t,observed_amount_per_enrolled_user,ok,,42.25924347451955,40.908261948073424,-1.3509815264461267,3.3955053051396384,79167.35488420412,-8.006151382599743,5.304188329707489,0.6907245192692236,,,,ok,2.887768074615339,0.08925449508582496,False,offline_aa_only,2396,2416,176795771,173160582
rees46-aa-v1-0143,post_converted,42325,41840,unpooled_wald_z_min_cell_10,probability,ok,,0.056822209096278796,0.05752868068833652,0.0007064715920577225,0.0016006575242563125,,-0.002430759507067698,0.003843702691183143,0.6589499592692803,0.07064715920577225,7.064715920577225,0.01243301876667073,ok,2.7948078179765936,0.09457010446160588,False,offline_aa_only,2405,2407,185983159,163973194
rees46-aa-v1-0143,post_purchase_amount,42325,41840,welch_t,observed_amount_per_enrolled_user,ok,,43.941679621972824,39.19053393881453,-4.751145683158292,3.3843123051018993,76507.18131664727,-11.38438085317501,1.8820894868584253,0.1603606407653194,,,,ok,2.7948078179765936,0.09457010446160588,False,offline_aa_only,2405,2407,185983159,163973194
rees46-aa-v1-0144,post_converted,41935,42230,unpooled_wald_z_min_cell_10,probability,ok,,0.05699296530344581,0.05735259294340516,0.00035962763995935065,0.0016005720499699433,,-0.002777435932643182,0.003496691212561883,0.8222228233778592,0.035962763995935065,3.5962763995935063,0.00631003559903572,ok,1.033980870908335,0.30922550606621596,False,offline_aa_only,2390,2422,168740862,181215491
rees46-aa-v1-0144,post_purchase_amount,41935,42230,welch_t,observed_amount_per_enrolled_user,ok,,40.23866984619053,42.91155363485674,2.672883788666205,3.3883498693429845,81222.79858448856,-3.9682588871242013,9.31402646445661,0.43020474572740225,,,,ok,1.033980870908335,0.30922550606621596,False,offline_aa_only,2390,2422,168740862,181215491
rees46-aa-v1-0145,post_converted,41877,42288,unpooled_wald_z_min_cell_10,probability,ok,,0.05781216419514292,0.056540862656072645,-0.001271301539070277,0.0016006739855939393,,-0.004408564901824583,0.0018659618236840292,0.4270621868695219,-0.1271301539070277,-12.71301539070277,-0.021990208406297392,ok,2.007021921226163,0.15657240876713996,False,offline_aa_only,2421,2391,187008710,162947643
rees46-aa-v1-0145,post_purchase_amount,41877,42288,welch_t,observed_amount_per_enrolled_user,ok,,44.65666356233732,38.53283271850171,-6.123830843835613,3.394389787031484,79767.13678961385,-12.776813526420478,0.529151838749252,0.07121883780606855,,,,ok,2.007021921226163,0.15657240876713996,False,offline_aa_only,2421,2391,187008710,162947643
rees46-aa-v1-0146,post_converted,41971,42194,unpooled_wald_z_min_cell_10,probability,ok,,0.056896428486335804,0.05744892638763805,0.0005524979013022471,0.0016005645093100723,,-0.0025845508918785186,0.003689546694483013,0.7299519877798588,0.05524979013022471,5.524979013022471,0.00971059020751952,ok,0.5908513039862175,0.44209011343963944,False,offline_aa_only,2388,2424,178518942,171437411
rees46-aa-v1-0146,post_purchase_amount,41971,42194,welch_t,observed_amount_per_enrolled_user,ok,,42.53387863048295,40.63075579466275,-1.9031228358202057,3.390813692674831,84132.12331062357,-8.549091163783253,4.742845492142841,0.5746228573652503,,,,ok,0.5908513039862175,0.44209011343963944,False,offline_aa_only,2388,2424,178518942,171437411
rees46-aa-v1-0147,post_converted,42011,42154,unpooled_wald_z_min_cell_10,probability,ok,,0.05727071481278713,0.05707643402761304,-0.00019428078517409048,0.001600585782917835,,-0.0033313712738598923,0.0029428097035117113,0.9033892246990469,-0.019428078517409048,-1.9428078517409046,-0.003392323385681095,ok,0.24296322699459394,0.6220740602814961,False,offline_aa_only,2406,2406,177271167,172685186
rees46-aa-v1-0147,post_purchase_amount,42011,42154,welch_t,observed_amount_per_enrolled_user,ok,,42.19636928423508,40.96531432367035,-1.2310549605647338,3.390330274056038,83877.55782358393,-7.876076081956322,5.413966160826854,0.7165253627366065,,,,ok,0.24296322699459394,0.6220740602814961,False,offline_aa_only,2406,2406,177271167,172685186
rees46-aa-v1-0148,post_converted,42144,42021,unpooled_wald_z_min_cell_10,probability,ok,,0.057659453302961274,0.056685942742914254,-0.0009735105600470195,0.0016005587571282405,,-0.004110548079158562,0.0021635269590645234,0.5430338184763478,-0.09735105600470195,-9.735105600470195,-0.01688379795992658,ok,0.17975405453573337,0.6715846874110951,False,offline_aa_only,2430,2382,178377135,171579218
rees46-aa-v1-0148,post_purchase_amount,42144,42021,welch_t,observed_amount_per_enrolled_user,ok,,42.32562998291572,40.83177887246853,-1.4938511104471885,3.391469876948537,82021.17735912147,-8.141108015696869,5.153405794802491,0.6595956816083034,,,,ok,0.17975405453573337,0.6715846874110951,False,offline_aa_only,2430,2382,178377135,171579218
rees46-aa-v1-0149,post_converted,42222,41943,unpooled_wald_z_min_cell_10,probability,ok,,0.05632134905973189,0.05803113749612569,0.0017097884363937998,0.0016006517396533772,,-0.0014274313251182026,0.004847008197905803,0.28543812400787916,0.17097884363937998,17.097884363938,0.03035773227982297,ok,0.9248618784530387,0.33620163158332295,False,offline_aa_only,2378,2434,174038551,175917802
rees46-aa-v1-0149,post_purchase_amount,42222,41943,welch_t,observed_amount_per_enrolled_user,ok,,41.21987376249349,41.942112390625375,0.7222386281318833,3.3910519232410374,84042.82036195172,-5.924196731483263,7.368673987747029,0.8313402293028788,,,,ok,0.9248618784530387,0.33620163158332295,False,offline_aa_only,2378,2434,174038551,175917802
rees46-aa-v1-0150,post_converted,41937,42228,unpooled_wald_z_min_cell_10,probability,ok,,0.05620335264801965,0.058136781282561334,0.001933428634541684,0.0016004870634831628,,-0.0012034683676075864,0.005070325636690954,0.22703758625662052,0.1933428634541684,19.33428634541684,0.034400592552725755,ok,1.0061308144715737,0.315831563816184,False,offline_aa_only,2357,2455,166005865,183950488
rees46-aa-v1-0150,post_purchase_amount,41937,42228,welch_t,observed_amount_per_enrolled_user,ok,,39.58458282662089,43.561259827602534,3.9766770009816454,3.3902375109731593,84084.72407652435,-2.6681620692396404,10.621516071202931,0.24080759778043884,,,,ok,1.0061308144715737,0.315831563816184,False,offline_aa_only,2357,2455,166005865,183950488
rees46-aa-v1-0151,post_converted,42081,42084,unpooled_wald_z_min_cell_10,probability,ok,,0.05710415627005062,0.05724265754205874,0.00013850127200812357,0.0016005791373829943,,-0.0029985761916687323,0.0032755787356849794,0.9310435399562806,0.013850127200812357,1.3850127200812357,0.002425414909435642,ok,0.00010693281055070397,0.991749356687569,False,offline_aa_only,2403,2409,170975718,178980635
rees46-aa-v1-0151,post_purchase_amount,42081,42084,welch_t,observed_amount_per_enrolled_user,ok,,40.630146146717045,42.52937814846498,1.899232001747933,3.390664455484903,83222.59892165528,-4.746444867384799,8.544908870880665,0.5753884306213597,,,,ok,0.00010693281055070397,0.991749356687569,False,offline_aa_only,2403,2409,170975718,178980635
rees46-aa-v1-0152,post_converted,42125,42040,unpooled_wald_z_min_cell_10,probability,ok,,0.05794658753709199,0.05639866793529971,-0.0015479196017922775,0.0016005506400561527,,-0.004684941211734869,0.0015891020081503135,0.3334855890965265,-0.15479196017922775,-15.479196017922774,-0.026712868998566033,ok,0.08584328402542625,0.7695296075687905,False,offline_aa_only,2441,2371,186015364,163940989
rees46-aa-v1-0152,post_purchase_amount,42125,42040,welch_t,observed_amount_per_enrolled_user,ok,,44.157949910979234,38.99642935299715,-5.161520557982087,3.389332925453116,73566.85632403886,-11.804600319267102,1.481559203302929,0.1277950048034222,,,,ok,0.08584328402542625,0.7695296075687905,False,offline_aa_only,2441,2371,186015364,163940989
rees46-aa-v1-0153,post_converted,42011,42154,unpooled_wald_z_min_cell_10,probability,ok,,0.05717550165432863,0.05717132419224747,-4.1774620811591e-06,0.0016005816759784082,,-0.003141259901313598,0.0031329049771512798,0.9979175516227922,-0.00041774620811591,-0.041774620811591,-7.306384658267067e-05,ok,0.24296322699459394,0.6220740602814961,False,offline_aa_only,2402,2410,177399157,172557196
rees46-aa-v1-0153,post_purchase_amount,42011,42154,welch_t,observed_amount_per_enrolled_user,ok,,42.22683511461284,40.93495184324145,-1.2918832713713897,3.3912898660705015,83188.02907214232,-7.938785980728371,5.355019437985591,0.7032475815227169,,,,ok,0.24296322699459394,0.6220740602814961,False,offline_aa_only,2402,2410,177399157,172557196
rees46-aa-v1-0154,post_converted,42108,42057,unpooled_wald_z_min_cell_10,probability,ok,,0.05842120262182958,0.055924103003067265,-0.002497099618762315,0.0016005365262897649,,-0.0056340935662311,0.0006398943287064698,0.11872110844820455,-0.24970996187623148,-24.970996187623147,-0.04274303688896079,ok,0.03090358224915345,0.8604556677577363,False,offline_aa_only,2460,2352,185278010,164678343
rees46-aa-v1-0154,post_purchase_amount,42108,42057,welch_t,observed_amount_per_enrolled_user,ok,,44.00066733162345,39.15598901490834,-4.844678316715104,3.390169481140658,79956.54694680758,-11.489388987387347,1.80003235395714,0.15299744715994842,,,,ok,0.03090358224915345,0.8604556677577363,False,offline_aa_only,2460,2352,185278010,164678343
rees46-aa-v1-0155,post_converted,42052,42113,unpooled_wald_z_min_cell_10,probability,ok,,0.058879482545419956,0.05546980742288604,-0.0034096751225339145,0.0016005690355913058,,-0.0065467327870628814,-0.0002726174580049471,0.03314773473374071,-0.34096751225339145,-34.09675122533915,-0.057909393478512185,ok,0.044210776451018834,0.8334619525561867,False,offline_aa_only,2476,2336,179469363,170486990
rees46-aa-v1-0155,post_purchase_amount,42052,42113,welch_t,observed_amount_per_enrolled_user,ok,,42.677961333586985,40.483221333080046,-2.1947400005069397,3.3901247065772124,80176.92958883138,-8.839362636836949,4.449882635823069,0.5173800520146485,,,,ok,0.044210776451018834,0.8334619525561867,False,offline_aa_only,2476,2336,179469363,170486990
rees46-aa-v1-0156,post_converted,42051,42114,unpooled_wald_z_min_cell_10,probability,ok,,0.0569308696582721,0.05741558626584983,0.00048471660757773427,0.0016005740781247612,,-0.0026523509401351966,0.003621784155290665,0.7620123917203857,0.04847166075777343,4.847166075777343,0.00851412617596128,ok,0.047157369452860455,0.8280856229989438,False,offline_aa_only,2394,2418,171053623,178902730
rees46-aa-v1-0156,post_purchase_amount,42051,42114,welch_t,observed_amount_per_enrolled_user,ok,,40.67765879527241,42.48058365389181,1.8029248586194058,3.390499176020657,83760.57893396029,-4.842427443242017,8.448277160480828,0.5948950669487523,,,,ok,0.047157369452860455,0.8280856229989438,False,offline_aa_only,2394,2418,171053623,178902730
rees46-aa-v1-0157,post_converted,42196,41969,unpooled_wald_z_min_cell_10,probability,ok,,0.058204569153474266,0.05613667230574948,-0.002067896847724786,0.0016004958848543167,,-0.0052048111394438126,0.0010690174439942405,0.19634499220884294,-0.20678968477247858,-20.678968477247857,-0.03552808444079603,ok,0.6122378660963583,0.4339464561073746,False,offline_aa_only,2456,2356,186336933,163619420
rees46-aa-v1-0157,post_purchase_amount,42196,41969,welch_t,observed_amount_per_enrolled_user,ok,,44.15985709545929,38.98577998046177,-5.174077114997516,3.3884912265894824,79906.89830755295,-11.815498479866132,1.4673442498711013,0.12677590315470094,,,,ok,0.6122378660963583,0.4339464561073746,False,offline_aa_only,2456,2356,186336933,163619420
rees46-aa-v1-0158,post_converted,41964,42201,unpooled_wald_z_min_cell_10,probability,ok,,0.057596987894385665,0.056752209663278125,-0.0008447782311075402,0.0016006142476407393,,-0.003981924509625064,0.002292368047409984,0.5976494191558874,-0.08447782311075402,-8.447782311075402,-0.014667055726188174,ok,0.6673676706469435,0.41397086492290236,False,offline_aa_only,2417,2395,168752036,181204317
rees46-aa-v1-0158,post_purchase_amount,41964,42201,welch_t,observed_amount_per_enrolled_user,ok,,40.21352492612716,42.938394113883554,2.724869187756397,3.3889102941955125,81513.49162844043,-3.9173715639380022,9.367109939450796,0.4213677403781732,,,,ok,0.6673676706469435,0.41397086492290236,False,offline_aa_only,2417,2395,168752036,181204317
rees46-aa-v1-0159,post_converted,41827,42338,unpooled_wald_z_min_cell_10,probability,ok,,0.05675759676763813,0.05758420331616987,0.0008266065485317414,0.0016005402452435008,,-0.002310394687952426,0.003963607785015909,0.6055368629273172,0.08266065485317414,8.266065485317414,0.014563804593697199,ok,3.1024891582011525,0.07817268403159304,False,offline_aa_only,2374,2438,174876749,175079604
rees46-aa-v1-0159,post_purchase_amount,41827,42338,welch_t,observed_amount_per_enrolled_user,ok,,41.80953666292108,41.35282819216779,-0.45670847075329135,3.3903732662998713,84160.01731369876,-7.101813534778717,6.1883965932721345,0.8928435202767706,,,,ok,3.1024891582011525,0.07817268403159304,False,offline_aa_only,2374,2438,174876749,175079604
rees46-aa-v1-0160,post_converted,41921,42244,unpooled_wald_z_min_cell_10,probability,ok,,0.05863409746904893,0.055723889783164476,-0.0029102076858844514,0.0016007064718557432,,-0.006047534720541885,0.00022711934877298274,0.06905235853376702,-0.29102076858844517,-29.102076858844512,-0.049633367127730706,ok,1.239577021327155,0.2655525876982659,False,offline_aa_only,2458,2354,173686405,176269948
rees46-aa-v1-0160,post_purchase_amount,41921,42244,welch_t,observed_amount_per_enrolled_user,ok,,41.431837265332405,41.72662342581195,0.2947861604795463,3.39163414666518,83643.82611769947,-6.352790809198586,6.942363130157679,0.9307387503907242,,,,ok,1.239577021327155,0.2655525876982659,False,offline_aa_only,2458,2354,173686405,176269948
rees46-aa-v1-0161,post_converted,42050,42115,unpooled_wald_z_min_cell_10,probability,ok,,0.05676575505350773,0.05758043452451621,0.0008146794710084809,0.0016005690135355633,,-0.0023223781502920253,0.003951737092308987,0.6107566721476669,0.08146794710084809,8.146794710084809,0.014351601070761048,ok,0.05019901384185826,0.8227173360726184,False,offline_aa_only,2387,2425,162052148,187904205
rees46-aa-v1-0161,post_purchase_amount,42050,42115,welch_t,observed_amount_per_enrolled_user,ok,,38.53796623067777,44.616931022201115,6.078964791523347,3.3896734191523135,74504.44306762237,-0.5647809605572105,12.722710543603906,0.07291660165177027,,,,ok,0.05019901384185826,0.8227173360726184,False,offline_aa_only,2387,2425,162052148,187904205
rees46-aa-v1-0162,post_converted,41944,42221,unpooled_wald_z_min_cell_10,probability,ok,,0.057862864772077055,0.05648847729802705,-0.0013743874740500053,0.0016006404053312362,,-0.004511585020698822,0.0017628100725988116,0.3905344746296311,-0.13743874740500053,-13.743874740500054,-0.023752496172869147,ok,0.9116497356383295,0.3396770739259611,False,offline_aa_only,2427,2385,181529315,168427038
rees46-aa-v1-0162,post_purchase_amount,41944,42221,welch_t,observed_amount_per_enrolled_user,ok,,43.27897077055121,39.891769024892824,-3.3872017456583876,3.392155444773528,82578.01192492757,-10.035801697393541,3.2613982060767652,0.31802066869333845,,,,ok,0.9116497356383295,0.3396770739259611,False,offline_aa_only,2427,2385,181529315,168427038
rees46-aa-v1-0163,post_converted,42129,42036,unpooled_wald_z_min_cell_10,probability,ok,,0.05592347314201619,0.05842611095251689,0.0025026378105006963,0.0016005933638671742,,-0.0006344675365727789,0.005639743157574172,0.11791887184097684,0.25026378105006963,25.026378105006962,0.044751115585137446,ok,0.10276243093922652,0.7485394598662194,False,offline_aa_only,2356,2456,167812626,182143727
rees46-aa-v1-0163,post_purchase_amount,42129,42036,welch_t,observed_amount_per_enrolled_user,ok,,39.83304279712312,43.33041369302503,3.497370895901909,3.391394587972999,81016.47621875709,-3.149739659935844,10.144481451739662,0.3024273371945931,,,,ok,0.10276243093922652,0.7485394598662194,False,offline_aa_only,2356,2456,167812626,182143727
rees46-aa-v1-0164,post_converted,42125,42040,unpooled_wald_z_min_cell_10,probability,ok,,0.0583026706231454,0.0560418648905804,-0.0022608057325649994,0.001600531095276416,,-0.0053977890354432205,0.0008761775703132217,0.1577925768593157,-0.22608057325649994,-22.608057325649995,-0.03877705272162077,ok,0.08584328402542625,0.7695296075687905,False,offline_aa_only,2456,2356,170882780,179073573
rees46-aa-v1-0164,post_purchase_amount,42125,42040,welch_t,observed_amount_per_enrolled_user,ok,,40.56564510385757,42.59599738344434,2.030352279586772,3.391525400667152,79236.43853432588,-4.617016899269394,8.677721458442939,0.5494049498102567,,,,ok,0.08584328402542625,0.7695296075687905,False,offline_aa_only,2456,2356,170882780,179073573
rees46-aa-v1-0165,post_converted,42268,41897,unpooled_wald_z_min_cell_10,probability,ok,,0.05571590801552002,0.058643816979736016,0.0029279089642159986,0.0016007326992475473,,-0.0002094694751847803,0.006065287403616778,0.06738380707228298,0.29279089642159983,29.279089642159985,0.052550681995533685,ok,1.635370997445494,0.20096177069112658,False,offline_aa_only,2355,2457,170194130,179762223
rees46-aa-v1-0165,post_purchase_amount,42268,41897,welch_t,observed_amount_per_enrolled_user,ok,,40.265479795590046,42.90575053106428,2.640270735474232,3.389919700409943,84002.58506602862,-4.003945522043042,9.284486992991507,0.4360647517458511,,,,ok,1.635370997445494,0.20096177069112658,False,offline_aa_only,2355,2457,170194130,179762223
rees46-aa-v1-0166,post_converted,42099,42066,unpooled_wald_z_min_cell_10,probability,ok,,0.05838618494501057,0.05595968240384158,-0.0024265025411689886,0.001600545031800141,,-0.00556351315913178,0.000710508076793803,0.12950730295898524,-0.24265025411689886,-24.265025411689887,-0.0415595323355058,ok,0.01293887007663518,0.9094366459603299,False,offline_aa_only,2458,2354,183089976,166866377
rees46-aa-v1-0166,post_purchase_amount,42099,42066,welch_t,observed_amount_per_enrolled_user,ok,,43.49033848785007,39.66775471877526,-3.822583769074811,3.3904920505153133,82883.090189583,-10.467923121659847,2.822755583510225,0.2595588351152313,,,,ok,0.01293887007663518,0.9094366459603299,False,offline_aa_only,2458,2354,183089976,166866377
rees46-aa-v1-0167,post_converted,42013,42152,unpooled_wald_z_min_cell_10,probability,ok,,0.057815438078689926,0.05653349781742266,-0.001281940261267267,0.00160060319344708,,-0.004419064873963341,0.0018551843514288072,0.4231833317600311,-0.1281940261267267,-12.81940261267267,-0.022172974967732274,ok,0.22956098140557238,0.6318495453682615,False,offline_aa_only,2429,2383,178642597,171313756
rees46-aa-v1-0167,post_purchase_amount,42013,42152,welch_t,observed_amount_per_enrolled_user,ok,,42.52079046961655,40.64190453596508,-1.8788859336514676,3.3915425747636103,82140.61777246748,-8.52628518346302,4.768513316160084,0.5795861356348542,,,,ok,0.22956098140557238,0.6318495453682615,False,offline_aa_only,2429,2383,178642597,171313756
rees46-aa-v1-0168,post_converted,41996,42169,unpooled_wald_z_min_cell_10,probability,ok,,0.057529288503667016,0.05681899025350376,-0.0007102982501632563,0.0016005999783650358,,-0.003847416561414316,0.0024268200610878033,0.6572088812003234,-0.07102982501632563,-7.102982501632563,-0.01234672405374839,ok,0.3555991207746688,0.5509605886824793,False,offline_aa_only,2416,2396,192541407,157414946
rees46-aa-v1-0168,post_purchase_amount,41996,42169,welch_t,observed_amount_per_enrolled_user,ok,,45.847558577007334,37.329542080675374,-8.51801649633196,3.3933717699719073,72226.22933415434,-15.169014408797846,-1.8670185838660727,0.012068702872195271,,,,ok,0.3555991207746688,0.5509605886824793,False,offline_aa_only,2416,2396,192541407,157414946
rees46-aa-v1-0169,post_converted,42143,42022,unpooled_wald_z_min_cell_10,probability,ok,,0.05813539615119949,0.05620865261053734,-0.0019267435406621486,0.0016005307249908386,,-0.0050637261177939735,0.0012102390364696768,0.228660934703381,-0.19267435406621486,-19.267435406621487,-0.033142348177193845,ok,0.1739559199192063,0.6766197235592686,False,offline_aa_only,2450,2362,192152046,157804307
rees46-aa-v1-0169,post_purchase_amount,42143,42022,welch_t,observed_amount_per_enrolled_user,ok,,45.59524618560615,37.55278354195421,-8.042462643651938,3.389195459016996,78041.8234776517,-14.68526670431013,-1.3996585829937436,0.01764805593277492,,,,ok,0.1739559199192063,0.6766197235592686,False,offline_aa_only,2450,2362,192152046,157804307
rees46-aa-v1-0170,post_converted,41947,42218,unpooled_wald_z_min_cell_10,probability,ok,,0.05654754809640737,0.05779525320953148,0.001247705113124109,0.001600528965500702,,-0.0018892740154704177,0.004384684241718636,0.43565110264483087,0.1247705113124109,12.47705113124109,0.022064707580192664,ok,0.8725836155171389,0.35024104631754904,False,offline_aa_only,2372,2440,178534407,171421946
rees46-aa-v1-0170,post_purchase_amount,41947,42218,welch_t,observed_amount_per_enrolled_user,ok,,42.56190120866808,40.603994978445215,-1.9579062302228678,3.391060791451641,84028.65228057792,-8.604358987601422,4.688546527155686,0.5636891982310647,,,,ok,0.8725836155171389,0.35024104631754904,False,offline_aa_only,2372,2440,178534407,171421946
rees46-aa-v1-0171,post_converted,41982,42183,unpooled_wald_z_min_cell_10,probability,ok,,0.05802486780048592,0.05632600810753147,-0.0016988596929544547,0.0016006264706792072,,-0.004836029928187158,0.0014383105422782483,0.28852099726578784,-0.16988596929544547,-16.988596929544546,-0.02927813121084315,ok,0.48002138656211013,0.4884126295492177,False,offline_aa_only,2436,2376,168585528,181370825
rees46-aa-v1-0171,post_purchase_amount,41982,42183,welch_t,observed_amount_per_enrolled_user,ok,,40.15662140917536,42.996189223146764,2.8395678139714065,3.388240970196895,77355.63529253891,-3.8013663676027587,9.480501995545572,0.40199651529534264,,,,ok,0.48002138656211013,0.4884126295492177,False,offline_aa_only,2436,2376,168585528,181370825
rees46-aa-v1-0172,post_converted,42112,42053,unpooled_wald_z_min_cell_10,probability,ok,,0.05708586626139817,0.0572610753097282,0.00017520904833003004,0.0016005811667654155,,-0.0029618723928632826,0.0033122904895233427,0.9128329718206891,0.017520904833003004,1.7520904833003004,0.0030692194023603267,ok,0.04135923483633339,0.8388460809041108,False,offline_aa_only,2404,2408,172378651,177577702
rees46-aa-v1-0172,post_purchase_amount,42112,42053,welch_t,observed_amount_per_enrolled_user,ok,,40.93338027165654,42.22711863600694,1.2937383643504035,3.3910498860802143,82154.7142438312,-5.352695202352035,7.940171931052842,0.7028216992957135,,,,ok,0.04135923483633339,0.8388460809041108,False,offline_aa_only,2404,2408,172378651,177577702
rees46-aa-v1-0173,post_converted,42456,41709,unpooled_wald_z_min_cell_10,probability,ok,,0.056670435274166195,0.05768539164209163,0.0010149563679254375,0.001600756939856223,,-0.002122469582195309,0.0041523823180461845,0.5260496472533949,0.10149563679254375,10.149563679254376,0.017909803639502234,ok,6.6299411869541975,0.010027857537880908,False,offline_aa_only,2406,2406,186310307,163646046
rees46-aa-v1-0173,post_purchase_amount,42456,41709,welch_t,observed_amount_per_enrolled_user,ok,,43.883151262483516,39.23518808890167,-4.647963173581843,3.3822799703432387,78612.37773249576,-11.2772121690697,1.9812858219060123,0.16938039507260605,,,,ok,6.6299411869541975,0.010027857537880908,False,offline_aa_only,2406,2406,186310307,163646046
rees46-aa-v1-0174,post_converted,41748,42417,unpooled_wald_z_min_cell_10,probability,ok,,0.05674523330458944,0.05759483226065021,0.0008495989560607653,0.0016005383571459297,,-0.002287398579820163,0.003986596491941694,0.5955430060709022,0.08495989560607653,8.495989560607653,0.014972164296169198,ok,5.317661735875958,0.0211103205354219,False,offline_aa_only,2369,2443,166143879,183812474
rees46-aa-v1-0174,post_purchase_amount,41748,42417,welch_t,observed_amount_per_enrolled_user,ok,,39.79684751365335,43.33462385364359,3.537776339990245,3.388532207858526,83785.03189460469,-3.10372069139527,10.17927337137576,0.2964680971486178,,,,ok,5.317661735875958,0.0211103205354219,False,offline_aa_only,2369,2443,166143879,183812474
rees46-aa-v1-0175,post_converted,41776,42389,unpooled_wald_z_min_cell_10,probability,ok,,0.05644389122941402,0.057892377739507894,0.0014484865100938757,0.0016004752110749323,,-0.0016883872617621328,0.004585360281949884,0.3654467038960635,0.14484865100938757,14.484865100938757,0.025662414099101676,ok,4.464670587536387,0.034602761129739604,False,offline_aa_only,2358,2454,166040790,183915563
rees46-aa-v1-0175,post_purchase_amount,41776,42389,welch_t,observed_amount_per_enrolled_user,ok,,39.745497414783614,43.38756823704263,3.642070822259015,3.3904928839944266,84161.5561288283,-3.003268689763984,10.287410334282015,0.282735687212856,,,,ok,4.464670587536387,0.034602761129739604,False,offline_aa_only,2358,2454,166040790,183915563
rees46-aa-v1-0176,post_converted,42158,42007,unpooled_wald_z_min_cell_10,probability,ok,,0.05692869680724892,0.05741900159497226,0.0004903047877233419,0.0016005925225003504,,-0.002646798910301461,0.0036274084857481448,0.7593556446115175,0.049030478772334185,4.903047877233418,0.008612612183683602,ok,0.27090833481851123,0.6027231035529629,False,offline_aa_only,2400,2412,182583837,167372516
rees46-aa-v1-0176,post_purchase_amount,42158,42007,welch_t,observed_amount_per_enrolled_user,ok,,43.30941624365482,39.84395838788773,-3.4654578557670916,3.3905531269138467,84143.29388871347,-10.110915464183403,3.179999752649219,0.30674020986141454,,,,ok,0.27090833481851123,0.6027231035529629,False,offline_aa_only,2400,2412,182583837,167372516
rees46-aa-v1-0177,post_converted,42153,42012,unpooled_wald_z_min_cell_10,probability,ok,,0.05714895736958223,0.05719794344473008,4.898607514784714e-05,0.0016005825887004423,,-0.003088098152986906,0.0031860703032826005,0.9755844325110978,0.004898607514784714,0.4898607514784714,0.0008571648093429642,ok,0.23621457850650507,0.6269536145242258,False,offline_aa_only,2409,2403,172011617,177944736
rees46-aa-v1-0177,post_purchase_amount,42153,42012,welch_t,observed_amount_per_enrolled_user,ok,,40.80649467416317,42.35569265924022,1.5491979850770505,3.3911887387172146,83454.26848506993,-5.097506206899822,8.195902177053924,0.6477941684362108,,,,ok,0.23621457850650507,0.6269536145242258,False,offline_aa_only,2409,2403,172011617,177944736
rees46-aa-v1-0178,post_converted,42026,42139,unpooled_wald_z_min_cell_10,probability,ok,,0.05651263503545424,0.057832411780061224,0.001319776744606982,0.0016005509510821567,,-0.0018172454749353752,0.004456798964149339,0.4096120523040203,0.1319776744606982,13.197767446069818,0.023353657881622324,ok,0.1517138953246599,0.6969028497212364,False,offline_aa_only,2375,2437,164157307,185799046
rees46-aa-v1-0178,post_purchase_amount,42026,42139,welch_t,observed_amount_per_enrolled_user,ok,,39.060892542711656,44.09194475426565,5.031052211553991,3.39008697189732,82981.1744247547,-1.6134930752404175,11.675597498348399,0.13779995221871655,,,,ok,0.1517138953246599,0.6969028497212364,False,offline_aa_only,2375,2437,164157307,185799046
rees46-aa-v1-0179,post_converted,41994,42171,unpooled_wald_z_min_cell_10,probability,ok,,0.05660332428442159,0.057741101704963126,0.0011377774205415386,0.001600546544702983,,-0.0019992361626563356,0.004274791003739413,0.47716599893114564,0.11377774205415386,11.377774205415387,0.020100893983265197,ok,0.37223311352700056,0.5417895391317438,False,offline_aa_only,2377,2435,169242900,180713453
rees46-aa-v1-0179,post_purchase_amount,41994,42171,welch_t,observed_amount_per_enrolled_user,ok,,40.30168595513645,42.85254155699414,2.550855601857691,3.3892416514616954,81000.4392681804,-4.092035232564118,9.1937464362795,0.45167258190565024,,,,ok,0.37223311352700056,0.5417895391317438,False,offline_aa_only,2377,2435,169242900,180713453
rees46-aa-v1-0180,post_converted,42284,41881,unpooled_wald_z_min_cell_10,probability,ok,,0.056475262510642325,0.057878274157732626,0.0014030116470903006,0.0016006786456752619,,-0.001734260849255563,0.004540284143436164,0.38075256837441496,0.14030116470903006,14.030116470903007,0.0248429415768703,ok,1.9296500920810313,0.1647967316602075,False,offline_aa_only,2388,2424,167947761,182008592
rees46-aa-v1-0180,post_purchase_amount,42284,41881,welch_t,observed_amount_per_enrolled_user,ok,,39.71898614133005,43.458511496860154,3.7395253555301053,3.393079529814551,82160.80195425099,-2.91088629114137,10.389937002201581,0.27041983845080725,,,,ok,1.9296500920810313,0.1647967316602075,False,offline_aa_only,2388,2424,167947761,182008592
rees46-aa-v1-0181,post_converted,41906,42259,unpooled_wald_z_min_cell_10,probability,ok,,0.05748580155586312,0.05686362668307343,-0.0006221748727896909,0.0016006262251031364,,-0.0037593446267021394,0.0025149948811227577,0.6974927858342275,-0.062217487278969086,-6.221748727896909,-0.01082310511379194,ok,1.4805322877680747,0.2236912595151477,False,offline_aa_only,2409,2403,167705799,182250554
rees46-aa-v1-0181,post_purchase_amount,41906,42259,welch_t,observed_amount_per_enrolled_user,ok,,40.01951963919248,43.12703897394638,3.1075193347538956,3.3864894944089143,77717.33370244731,-3.5299814802898597,9.74502014979765,0.3588193232061684,,,,ok,1.4805322877680747,0.2236912595151477,False,offline_aa_only,2409,2403,167705799,182250554
rees46-aa-v1-0182,post_converted,42122,42043,unpooled_wald_z_min_cell_10,probability,ok,,0.057191016570913064,0.05715576909354708,-3.5247477365982216e-05,0.0016005795379264013,,-0.00317232572609349,0.0031018307713615257,0.9824306481513405,-0.0035247477365982216,-0.35247477365982216,-0.0006163114327978011,ok,0.07415196340521595,0.7853847585961555,False,offline_aa_only,2409,2403,177342494,172613859
rees46-aa-v1-0182,post_purchase_amount,42122,42043,welch_t,observed_amount_per_enrolled_user,ok,,42.102106737571816,41.05650381752015,-1.0456029200516639,3.3908177839661597,83999.19811381439,-7.691579418218078,5.60037357811475,0.7578068580302403,,,,ok,0.07415196340521595,0.7853847585961555,False,offline_aa_only,2409,2403,177342494,172613859
rees46-aa-v1-0183,post_converted,42115,42050,unpooled_wald_z_min_cell_10,probability,ok,,0.0579603466698326,0.05638525564803805,-0.001575091021794553,0.001600554546855824,,-0.004712120288923795,0.0015619382453346885,0.32507086467768165,-0.1575091021794553,-15.75091021794553,-0.02717532092702892,ok,0.05019901384185826,0.8227173360726184,False,offline_aa_only,2441,2371,179347362,170608991
rees46-aa-v1-0183,post_purchase_amount,42115,42050,welch_t,observed_amount_per_enrolled_user,ok,,42.58515065891013,40.57288727705113,-2.0122633818590003,3.3902357141430164,81873.74355893872,-8.657101513339645,4.632574749621645,0.5528169470950177,,,,ok,0.05019901384185826,0.8227173360726184,False,offline_aa_only,2441,2371,179347362,170608991
rees46-aa-v1-0184,post_converted,41914,42251,unpooled_wald_z_min_cell_10,probability,ok,,0.05754640454263492,0.05680338926889304,-0.000743015273741876,0.0016006291722410176,,-0.0038801908039384292,0.002394160256454677,0.6425030236320617,-0.0743015273741876,-7.43015273741876,-0.012911584653240877,ok,1.3493613734925445,0.24538979337511904,False,offline_aa_only,2412,2400,166134280,183822073
rees46-aa-v1-0184,post_purchase_amount,41914,42251,welch_t,observed_amount_per_enrolled_user,ok,,39.63694231044519,43.50715320347447,3.870210893029281,3.386279214372873,76473.2413821924,-2.7668794559101437,10.507301241968705,0.2530797201440215,,,,ok,1.3493613734925445,0.24538979337511904,False,offline_aa_only,2412,2400,166134280,183822073
rees46-aa-v1-0185,post_converted,41899,42266,unpooled_wald_z_min_cell_10,probability,ok,,0.05737607102794816,0.05697250745279894,-0.0004035635751492156,0.0016006170230837256,,-0.003540715293435034,0.0027335881431366027,0.8009405797204459,-0.04035635751492156,-4.035635751492156,-0.007033656503817381,ok,1.6002970355848631,0.20586112154229103,False,offline_aa_only,2404,2408,191579961,158376392
rees46-aa-v1-0185,post_purchase_amount,41899,42266,welch_t,observed_amount_per_enrolled_user,ok,,45.72423232058044,37.47134623574504,-8.252886084835403,3.39648048418908,72270.36843189468,-14.909976999176706,-1.5957951704940987,0.015108129644391195,,,,ok,1.6002970355848631,0.20586112154229103,False,offline_aa_only,2404,2408,191579961,158376392
rees46-aa-v1-0186,post_converted,42169,41996,unpooled_wald_z_min_cell_10,probability,ok,,0.056581849225734546,0.057767406419659016,0.0011855571939244705,0.0016006094788503001,,-0.0019515797379355431,0.004322694125784484,0.45888075752575186,0.11855571939244705,11.855571939244705,0.02095295947636253,ok,0.3555991207746688,0.5509605886824793,False,offline_aa_only,2386,2426,179607224,170349129
rees46-aa-v1-0186,post_purchase_amount,42169,41996,welch_t,observed_amount_per_enrolled_user,ok,,42.592241694135495,40.56317958853224,-2.029062105603252,3.38856741287766,77222.19997718,-8.670636292654574,4.612512081448069,0.5493103926354964,,,,ok,0.3555991207746688,0.5509605886824793,False,offline_aa_only,2386,2426,179607224,170349129
rees46-aa-v1-0187,post_converted,42048,42117,unpooled_wald_z_min_cell_10,probability,ok,,0.05669710806697108,0.05764893036066197,0.000951822293690889,0.0016005661874400278,,-0.002185229788564151,0.004088874375945929,0.5520583984513042,0.0951822293690889,9.51822293690889,0.016787845555836622,ok,0.056567456781322405,0.8120058597976064,False,offline_aa_only,2384,2428,168973659,180982694
rees46-aa-v1-0187,post_purchase_amount,42048,42117,welch_t,observed_amount_per_enrolled_user,ok,,40.18589683219178,42.9714115440321,2.785514711840321,3.390753910528276,84080.08772275735,-3.8603365027551497,9.431365926435792,0.41136211137189094,,,,ok,0.056567456781322405,0.8120058597976064,False,offline_aa_only,2384,2428,168973659,180982694
rees46-aa-v1-0188,post_converted,41881,42284,unpooled_wald_z_min_cell_10,probability,ok,,0.05768725675127146,0.05666445936997446,-0.0010227973812969998,0.0016006581319465967,,-0.0041600296714734905,0.0021144349088794913,0.5228323466729857,-0.10227973812969998,-10.227973812969998,-0.017730040201200184,ok,1.9296500920810313,0.1647967316602075,False,offline_aa_only,2416,2396,174483476,175472877
rees46-aa-v1-0188,post_purchase_amount,41881,42284,welch_t,observed_amount_per_enrolled_user,ok,,41.661726319810896,41.49864653296755,-0.16307978684334756,3.3889551358363126,83340.21422209921,-6.80540626596571,6.479246692279015,0.961619954303527,,,,ok,1.9296500920810313,0.1647967316602075,False,offline_aa_only,2416,2396,174483476,175472877
rees46-aa-v1-0189,post_converted,41867,42298,unpooled_wald_z_min_cell_10,probability,ok,,0.05679891083669716,0.05754409191923968,0.0007451810825425259,0.0016005480209977082,,-0.0023918353941398403,0.003882197559224892,0.6415170852091086,0.07451810825425259,7.451810825425259,0.013119636830449088,ok,2.2071050911899244,0.13737624982440452,False,offline_aa_only,2378,2434,169640988,180315365
rees46-aa-v1-0189,post_purchase_amount,41867,42298,welch_t,observed_amount_per_enrolled_user,ok,,40.519021663840256,42.629761454442296,2.1107397906020395,3.3867816879765953,80378.75298717924,-4.5273302991365165,8.748809880340595,0.533135965646625,,,,ok,2.2071050911899244,0.13737624982440452,False,offline_aa_only,2378,2434,169640988,180315365
rees46-aa-v1-0190,post_converted,42324,41841,unpooled_wald_z_min_cell_10,probability,ok,,0.05807579623854078,0.05626060562606056,-0.0018151906124802206,0.0016004564198597543,,-0.004952027554231254,0.001321646329270813,0.25672299522576836,-0.18151906124802206,-18.151906124802206,-0.03125554413450482,ok,2.7718053822847977,0.09593789960697566,False,offline_aa_only,2458,2354,178551691,171404662
rees46-aa-v1-0190,post_purchase_amount,42324,41841,welch_t,observed_amount_per_enrolled_user,ok,,42.186865844438145,40.96571831457183,-1.2211475298663146,3.3943475080908043,81026.9360599936,-7.8740457764200675,5.431750716687438,0.719028201497795,,,,ok,2.7718053822847977,0.09593789960697566,False,offline_aa_only,2458,2354,178551691,171404662
rees46-aa-v1-0191,post_converted,41888,42277,unpooled_wald_z_min_cell_10,probability,ok,,0.05777310924369748,0.05657922747593254,-0.0011938817677649427,0.0016006636314340934,,-0.004331124836738861,0.0019433613012089755,0.45574791749325305,-0.11938817677649427,-11.938817677649427,-0.020665008052949553,ok,1.797908869482564,0.17996550808644438,False,offline_aa_only,2420,2392,173646402,176309951
rees46-aa-v1-0191,post_purchase_amount,41888,42277,welch_t,observed_amount_per_enrolled_user,ok,,41.45492790297937,41.70351515008161,0.24858724710223612,3.3876888139006267,81394.84876178697,-6.39125955537024,6.8884340495747125,0.9415042316788015,,,,ok,1.797908869482564,0.17996550808644438,False,offline_aa_only,2420,2392,173646402,176309951
rees46-aa-v1-0192,post_converted,41882,42283,unpooled_wald_z_min_cell_10,probability,ok,,0.05696958120433599,0.057375304495896694,0.00040572329156070286,0.0016005714106308178,,-0.00273133902796017,0.0035427856110815757,0.7998922694927404,0.040572329156070286,4.057232915607028,0.007121753100228566,ok,1.910544763262639,0.1669027580351059,False,offline_aa_only,2386,2426,169325019,180631334
rees46-aa-v1-0192,post_purchase_amount,41882,42283,welch_t,observed_amount_per_enrolled_user,ok,,40.42906714101523,42.71961166426223,2.290544523247,3.3890694529039216,83452.43683289325,-4.352005886733713,8.933094933227714,0.4991299019944849,,,,ok,1.910544763262639,0.1669027580351059,False,offline_aa_only,2386,2426,169325019,180631334
rees46-aa-v1-0193,post_converted,41899,42266,unpooled_wald_z_min_cell_10,probability,ok,,0.05744767178214277,0.05690152841527469,-0.0005461433668680835,0.001600624695223794,,-0.0036833101222721203,0.0025910233885359534,0.7329482164657388,-0.054614336686808346,-5.461433668680835,-0.009506797228253356,ok,1.6002970355848631,0.20586112154229103,False,offline_aa_only,2407,2405,164201606,185754747
rees46-aa-v1-0193,post_purchase_amount,41899,42266,welch_t,observed_amount_per_enrolled_user,ok,,39.18986276522113,43.94897719206927,4.759114426848143,3.388822198769611,83030.7519269597,-1.8829518561609637,11.40118070985725,0.1602164628761749,,,,ok,1.6002970355848631,0.20586112154229103,False,offline_aa_only,2407,2405,164201606,185754747
rees46-aa-v1-0194,post_converted,42208,41957,unpooled_wald_z_min_cell_10,probability,ok,,0.05721664139499621,0.05712991872631504,-8.672266868117035e-05,0.0016005829615244715,,-0.0032238076275375935,0.003050362290175253,0.9567902199435079,-0.008672266868117035,-0.8672266868117035,-0.0015156896064988977,ok,0.7485415552783223,0.38693837618335836,False,offline_aa_only,2415,2397,156903985,193052368
rees46-aa-v1-0194,post_purchase_amount,42208,41957,welch_t,observed_amount_per_enrolled_user,ok,,37.17399189727066,46.01195700359892,8.837965106328262,3.3932213770475963,78496.72661157712,2.187270866709877,15.488659345946648,0.009200043402942235,,,,ok,0.7485415552783223,0.38693837618335836,False,offline_aa_only,2415,2397,156903985,193052368
rees46-aa-v1-0195,post_converted,42301,41864,unpooled_wald_z_min_cell_10,probability,ok,,0.057516370771376564,0.05682686795337283,-0.0006895028180037358,0.0016005520087345917,,-0.0038265271105067736,0.002447521474499302,0.6666206087765911,-0.06895028180037358,-6.895028180037357,-0.011987940281288955,ok,2.2689835442285986,0.1319864429893995,False,offline_aa_only,2433,2379,167917447,182038906
rees46-aa-v1-0195,post_purchase_amount,42301,41864,welch_t,observed_amount_per_enrolled_user,ok,,39.6958575447389,43.483400057328495,3.787542512589596,3.3943658738189253,80343.63902742806,-2.865392575877138,10.44047760105633,0.26449733386133634,,,,ok,2.2689835442285986,0.1319864429893995,False,offline_aa_only,2433,2379,167917447,182038906
rees46-aa-v1-0196,post_converted,41965,42200,unpooled_wald_z_min_cell_10,probability,ok,,0.055784582390086976,0.05855450236966825,0.002769919979581273,0.0016004553356118657,,-0.00036691483708294883,0.005906754796245495,0.08350395506169384,0.2769919979581273,27.699199795812728,0.04965386242764978,ok,0.6561516069625141,0.4179218674062265,False,offline_aa_only,2341,2471,169875370,180080983
rees46-aa-v1-0196,post_purchase_amount,41965,42200,welch_t,observed_amount_per_enrolled_user,ok,,40.48025020850709,42.67321872037914,2.1929685118720528,3.3917370406993745,83039.94158007584,-4.454810828896769,8.840747852640874,0.5179172019505779,,,,ok,0.6561516069625141,0.4179218674062265,False,offline_aa_only,2341,2471,169875370,180080983
rees46-aa-v1-0197,post_converted,42089,42076,unpooled_wald_z_min_cell_10,probability,ok,,0.05797239183634679,0.05637418005513832,-0.0015982117812084681,0.001600566565176716,,-0.004735264603813813,0.0015388410413968764,0.31802301546763867,-0.1598211781208468,-15.982117812084681,-0.02756849822101771,ok,0.0020079605536743304,0.9642585367621211,False,offline_aa_only,2440,2372,181777909,168178444
rees46-aa-v1-0197,post_purchase_amount,42089,42076,welch_t,observed_amount_per_enrolled_user,ok,,43.188935113687656,39.97015971099914,-3.2187754026885145,3.3905496679278557,80247.01816642268,-9.864230872911905,3.4266800675348765,0.3424519271208481,,,,ok,0.0020079605536743304,0.9642585367621211,False,offline_aa_only,2440,2372,181777909,168178444
rees46-aa-v1-0198,post_converted,42178,41987,unpooled_wald_z_min_cell_10,probability,ok,,0.05709137465029162,0.057255817276776144,0.00016444262648452473,0.0016005882004198116,,-0.002972652600418084,0.0033015378533871333,0.9181702213547982,0.016444262648452473,1.6444262648452472,0.0028803409883157325,ok,0.4334462068555813,0.5103027740059047,False,offline_aa_only,2408,2404,171553186,178403167
rees46-aa-v1-0198,post_purchase_amount,42178,41987,welch_t,observed_amount_per_enrolled_user,ok,,40.67361799990517,42.49009622025865,1.8164782203534813,3.3901536913107955,83811.82224832906,-4.828196875427643,8.461153316134606,0.5920912980151218,,,,ok,0.4334462068555813,0.5103027740059047,False,offline_aa_only,2408,2404,171553186,178403167
rees46-aa-v1-0199,post_converted,42187,41978,unpooled_wald_z_min_cell_10,probability,ok,,0.057387346812999264,0.05695840678450617,-0.0004289400284930925,0.0016005695189346121,,-0.0035659986403575325,0.0027081185833713476,0.7887053795215618,-0.04289400284930925,-4.289400284930925,-0.0074744704593300675,ok,0.5189924552961445,0.47127178857590457,False,offline_aa_only,2421,2391,175633890,174322463
rees46-aa-v1-0199,post_purchase_amount,42187,41978,welch_t,observed_amount_per_enrolled_user,ok,,41.63223030791476,41.52710062413645,-0.10512968377830845,3.3929399739042148,78387.50964344262,-6.75527251773747,6.5450131501808535,0.9752817130151185,,,,ok,0.5189924552961445,0.47127178857590457,False,offline_aa_only,2421,2391,175633890,174322463
rees46-aa-v1-0200,post_converted,41966,42199,unpooled_wald_z_min_cell_10,probability,ok,,0.057236810751560785,0.057110358065357,-0.00012645268620378736,0.001600589949459539,,-0.003263551341161269,0.003010645968753694,0.9370296015667658,-0.012645268620378736,-1.2645268620378736,-0.002209289520910966,ok,0.6450305946652409,0.42189499498132943,False,offline_aa_only,2402,2410,165155121,184801232
rees46-aa-v1-0200,post_purchase_amount,41966,42199,welch_t,observed_amount_per_enrolled_user,ok,,39.35450626697803,43.792798881490086,4.438292614512058,3.3883955363178626,79716.68940548445,-2.20294143806138,11.079526667085496,0.1902500874808493,,,,ok,0.6450305946652409,0.42189499498132943,False,offline_aa_only,2402,2410,165155121,184801232
rees46-aa-v1-0201,post_converted,41948,42217,unpooled_wald_z_min_cell_10,probability,ok,,0.056736912367693335,0.05760712509178767,0.0008702127240943353,0.0016005480655795568,,-0.0022668038399668486,0.00400722928815552,0.5866501939428883,0.08702127240943353,8.702127240943353,0.015337682079961838,ok,0.8597516782510545,0.3538081919765371,False,offline_aa_only,2380,2432,172446740,177509613
rees46-aa-v1-0201,post_purchase_amount,41948,42217,welch_t,observed_amount_per_enrolled_user,ok,,41.10964527510251,42.04695099130682,0.9373057162043139,3.392382149191098,82022.3168534154,-5.711739234807483,7.586350667216111,0.7823204963390421,,,,ok,0.8597516782510545,0.3538081919765371,False,offline_aa_only,2380,2432,172446740,177509613
rees46-aa-v1-0202,post_converted,42024,42141,unpooled_wald_z_min_cell_10,probability,ok,,0.05725299828669332,0.057094041432334305,-0.00015895685435901585,0.0016005836307024035,,-0.003296043124780085,0.0029781294160620532,0.9208907032695213,-0.015895685435901585,-1.5895685435901585,-0.0027763935359864014,ok,0.16264480484762076,0.6867330910476415,False,offline_aa_only,2406,2406,171156597,178799756
rees46-aa-v1-0202,post_purchase_amount,42024,42141,welch_t,observed_amount_per_enrolled_user,ok,,40.728297401484866,42.42893049524216,1.7006330937572969,3.390999982663918,83749.49441879614,-4.945700797983781,8.346966985498375,0.6160109265440269,,,,ok,0.16264480484762076,0.6867330910476415,False,offline_aa_only,2406,2406,171156597,178799756
rees46-aa-v1-0203,post_converted,42147,42018,unpooled_wald_z_min_cell_10,probability,ok,,0.05791634042755119,0.05642819743919273,-0.0014881429883584624,0.0016005429415638717,,-0.004625149509533447,0.0016488635328165227,0.3524881834629744,-0.14881429883584624,-14.881429883584623,-0.025694699930497382,ok,0.19771876670825164,0.6565685270593191,False,offline_aa_only,2441,2371,162984679,186971674
rees46-aa-v1-0203,post_purchase_amount,42147,42018,welch_t,observed_amount_per_enrolled_user,ok,,38.6705291005291,44.4979946689514,5.827465568422298,3.392484622670204,74506.57337566196,-0.8217901277299644,12.47672126457456,0.08584502968856318,,,,ok,0.19771876670825164,0.6565685270593191,False,offline_aa_only,2441,2371,162984679,186971674
rees46-aa-v1-0204,post_converted,42193,41972,unpooled_wald_z_min_cell_10,probability,ok,,0.05728438366553694,0.057061850757647956,-0.00022253290788898372,0.0016005769233266819,,-0.003359606032095208,0.0029145402163172403,0.8894241231496942,-0.022253290788898372,-2.225329078889837,-0.003884704585254402,ok,0.5803006000118814,0.44619451944641286,False,offline_aa_only,2417,2395,176649346,173307007
rees46-aa-v1-0204,post_purchase_amount,42193,41972,welch_t,observed_amount_per_enrolled_user,ok,,41.86697935676534,41.29110049556847,-0.5758788611968697,3.3922136846834836,81641.53584922697,-7.224594080575191,6.072836358181451,0.8651954422946077,,,,ok,0.5803006000118814,0.44619451944641286,False,offline_aa_only,2417,2395,176649346,173307007
rees46-aa-v1-0205,post_converted,42004,42161,unpooled_wald_z_min_cell_10,probability,ok,,0.05758975335682316,0.0567586157823581,-0.0008311375744650615,0.0016005998789035635,,-0.003968255690775218,0.002305980541845095,0.6035750515852805,-0.08311375744650615,-8.311375744650615,-0.014432039139243671,ok,0.29286520525158916,0.5883902628286987,False,offline_aa_only,2419,2393,176592445,173363908
rees46-aa-v1-0205,post_purchase_amount,42004,42161,welch_t,observed_amount_per_enrolled_user,ok,,42.0418162555947,41.1194962168829,-0.9223200387118027,3.3893048495413414,80441.53413222542,-7.565335430641247,5.720695353217642,0.785525367995869,,,,ok,0.29286520525158916,0.5883902628286987,False,offline_aa_only,2419,2393,176592445,173363908
rees46-aa-v1-0206,post_converted,42035,42130,unpooled_wald_z_min_cell_10,probability,ok,,0.05650053526822886,0.05784476619985758,0.0013442309316287204,0.001600553634745312,,-0.0017927965477967677,0.004481258411054208,0.4009904063425299,0.13442309316287204,13.442309316287204,0.02379147250990032,ok,0.10722984613556705,0.7433202293122707,False,offline_aa_only,2375,2437,170442968,179513385
rees46-aa-v1-0206,post_purchase_amount,42035,42130,welch_t,observed_amount_per_enrolled_user,ok,,40.54786915665517,42.60939591739853,2.0615267607433623,3.390045547822602,81981.38162470842,-4.5829385171181585,8.705992038604883,0.5431149993291985,,,,ok,0.10722984613556705,0.7433202293122707,False,offline_aa_only,2375,2437,170442968,179513385
rees46-aa-v1-0207,post_converted,42053,42112,unpooled_wald_z_min_cell_10,probability,ok,,0.05730863434237748,0.05703837386018237,-0.0002702604821951046,0.0016005818857270581,,-0.003407343332527343,0.002866822368137134,0.8659135322942445,-0.027026048219510462,-2.7026048219510463,-0.004715877202386197,ok,0.04135923483633339,0.8388460809041108,False,offline_aa_only,2410,2402,169580329,180376024
rees46-aa-v1-0207,post_purchase_amount,42053,42112,welch_t,observed_amount_per_enrolled_user,ok,,40.325382017929755,42.83245250759878,2.507070489669026,3.390462569562,83526.03364197772,-4.138210333465302,9.152351312803354,0.45963713207599516,,,,ok,0.04135923483633339,0.8388460809041108,False,offline_aa_only,2410,2402,169580329,180376024
rees46-aa-v1-0208,post_converted,42168,41997,unpooled_wald_z_min_cell_10,probability,ok,,0.05821950294061848,0.0561230564087911,-0.0020964465318273756,0.0016005102553610091,,-0.005233388989221958,0.0010404959255672073,0.19024274254494866,-0.20964465318273756,-20.964465318273756,-0.036009351264397874,ok,0.3474247014792372,0.5555745768230566,False,offline_aa_only,2455,2357,173152873,176803480
rees46-aa-v1-0208,post_purchase_amount,42168,41997,welch_t,observed_amount_per_enrolled_user,ok,,41.06262402769873,42.099073743362624,1.0364497156638919,3.3914912698318607,82958.1249283352,-5.610848011592073,7.683747442919857,0.7599077456676746,,,,ok,0.3474247014792372,0.5555745768230566,False,offline_aa_only,2455,2357,173152873,176803480
rees46-aa-v1-0209,post_converted,42105,42060,unpooled_wald_z_min_cell_10,probability,ok,,0.05768911055694098,0.05665715644317641,-0.0010319541137645688,0.0016005682938004216,,-0.004169010324410119,0.0021051020968809813,0.519094186892108,-0.10319541137645688,-10.319541137645688,-0.01788819594897372,ok,0.024059882373908395,0.8767326413050505,False,offline_aa_only,2429,2383,169675914,180280439
rees46-aa-v1-0209,post_purchase_amount,42105,42060,welch_t,observed_amount_per_enrolled_user,ok,,40.298281439259,42.862681645268665,2.5644002060096653,3.391011292501777,81293.72017201639,-4.081958754645646,9.210759166664976,0.44951071846447294,,,,ok,0.024059882373908395,0.8767326413050505,False,offline_aa_only,2429,2383,169675914,180280439
rees46-aa-v1-0210,post_converted,41878,42287,unpooled_wald_z_min_cell_10,probability,ok,,0.05769138927360428,0.05666043937853241,-0.001030949895071874,0.0016006600998513516,,-0.00416818604227081,0.002106286252127062,0.5195248802036705,-0.1030949895071874,-10.30949895071874,-0.017870082659693684,ok,1.9875363868591458,0.15859871030123202,False,offline_aa_only,2416,2396,171746163,178210190
rees46-aa-v1-0210,post_purchase_amount,41878,42287,welch_t,observed_amount_per_enrolled_user,ok,,41.01107096805005,42.14302031357155,1.1319493455214982,3.388877704231272,83291.93403677583,-5.510225424156622,7.774124115199618,0.7383661059901082,,,,ok,1.9875363868591458,0.15859871030123202,False,offline_aa_only,2416,2396,171746163,178210190
rees46-aa-v1-0211,post_converted,42137,42028,unpooled_wald_z_min_cell_10,probability,ok,,0.05778769252675796,0.0565575330731893,-0.0012301594535686564,0.001600554049790752,,-0.0043671877464682585,0.0019068688393309458,0.44214059630995384,-0.12301594535686564,-12.301594535686563,-0.021287568334711487,ok,0.14116319135032376,0.7071273701483289,False,offline_aa_only,2435,2377,186722858,163233495
rees46-aa-v1-0211,post_purchase_amount,42137,42028,welch_t,observed_amount_per_enrolled_user,ok,,44.313277641977365,38.83922504044923,-5.474052601528136,3.389216182395236,76323.78499053846,-12.11689959900787,1.1687943959515978,0.10628489859919782,,,,ok,0.14116319135032376,0.7071273701483289,False,offline_aa_only,2435,2377,186722858,163233495
rees46-aa-v1-0212,post_converted,42207,41958,unpooled_wald_z_min_cell_10,probability,ok,,0.056909991233681616,0.05743839077172411,0.0005283995380424913,0.0016006057956450843,,-0.0026087301748679514,0.003665529250952934,0.741305726437087,0.052839953804249135,5.283995380424914,0.009284829018384443,ok,0.7366601318837996,0.3907328619456394,False,offline_aa_only,2402,2410,183415240,166541113
rees46-aa-v1-0212,post_purchase_amount,42207,41958,welch_t,observed_amount_per_enrolled_user,ok,,43.45611865330395,39.69233829067162,-3.763780362632332,3.3877256540731384,77702.64013252174,-10.403704063385735,2.8761433381210706,0.2665696066247434,,,,ok,0.7366601318837996,0.3907328619456394,False,offline_aa_only,2402,2410,183415240,166541113
rees46-aa-v1-0213,post_converted,42092,42073,unpooled_wald_z_min_cell_10,probability,ok,,0.05737432291171719,0.05697240510541202,-0.0004019178063051701,0.0016005775206850285,,-0.0035389921013122393,0.002735156488701899,0.8017306175722443,-0.04019178063051701,-4.019178063051701,-0.007005186046789739,ok,0.004289193845422682,0.9477823256938125,False,offline_aa_only,2415,2397,171712908,178243445
rees46-aa-v1-0213,post_purchase_amount,42092,42073,welch_t,observed_amount_per_enrolled_user,ok,,40.79466596978048,42.3652805837473,1.5706146139668178,3.3907976275566805,82190.71674241286,-5.075324484940452,8.216553712874088,0.6432228444975456,,,,ok,0.004289193845422682,0.9477823256938125,False,offline_aa_only,2415,2397,171712908,178243445
rees46-aa-v1-0214,post_converted,42128,42037,unpooled_wald_z_min_cell_10,probability,ok,,0.05704044815799468,0.057306658419963366,0.0002662102619686857,0.0016005837295882802,,-0.0028708762022651405,0.003403296726202512,0.8679045493131201,0.02662102619686857,2.662102619686857,0.004667043660514686,ok,0.09839006713004218,0.7537702373399338,False,offline_aa_only,2403,2409,172261547,177694806
rees46-aa-v1-0214,post_purchase_amount,42128,42037,welch_t,observed_amount_per_enrolled_user,ok,,40.890036792631975,42.271048362157146,1.381011569525171,3.391158551494335,82720.56741226088,-5.265634310755165,8.027657449805506,0.6838336108548484,,,,ok,0.09839006713004218,0.7537702373399338,False,offline_aa_only,2403,2409,172261547,177694806
rees46-aa-v1-0215,post_converted,41995,42170,unpooled_wald_z_min_cell_10,probability,ok,,0.05831646624598166,0.05603509603983875,-0.002281370206142913,0.0016006257856936129,,-0.005418539098828522,0.0008557986865426952,0.1540708117632287,-0.2281370206142913,-22.81370206142913,-0.03912051523355314,ok,0.3638685914572566,0.5463655295103775,False,offline_aa_only,2449,2363,166752833,183203520
rees46-aa-v1-0215,post_purchase_amount,41995,42170,welch_t,observed_amount_per_enrolled_user,ok,,39.70778259316585,43.444040787289545,3.7362581941236925,3.3889869934004744,79785.24803302727,-2.9061350239676207,10.378651412215007,0.27026050096838644,,,,ok,0.3638685914572566,0.5463655295103775,False,offline_aa_only,2449,2363,166752833,183203520
rees46-aa-v1-0216,post_converted,42044,42121,unpooled_wald_z_min_cell_10,probability,ok,,0.05820093235657882,0.05614776477291612,-0.002053167583662696,0.0016005889943895965,,-0.005190264366717488,0.0010839291993920957,0.19957703782187042,-0.2053167583662696,-20.53167583662696,-0.03527722839702264,ok,0.07044495930612488,0.7906900184910093,False,offline_aa_only,2447,2365,176311092,173645261
rees46-aa-v1-0216,post_purchase_amount,42044,42121,welch_t,observed_amount_per_enrolled_user,ok,,41.93489962896014,41.22534151610835,-0.7095581128517878,3.39031493277451,83022.27526394594,-7.354550153288772,5.935433927585196,0.8342225783549901,,,,ok,0.07044495930612488,0.7906900184910093,False,offline_aa_only,2447,2365,176311092,173645261
rees46-aa-v1-0217,post_converted,41968,42197,unpooled_wald_z_min_cell_10,probability,ok,,0.05632863133816241,0.058013602862762755,0.0016849715246003427,0.0016005143761347214,,-0.0014519790093623047,0.004821922058562991,0.29244698904386024,0.16849715246003427,16.849715246003427,0.029913233902041956,ok,0.623073724232163,0.4299073590172805,False,offline_aa_only,2364,2448,174228316,175728037
rees46-aa-v1-0217,post_purchase_amount,41968,42197,welch_t,observed_amount_per_enrolled_user,ok,,41.514562523827685,41.64467545086144,0.13011292703375688,3.3902338214163166,83995.30794456089,-6.514719013508878,6.774944867576392,0.969385796922563,,,,ok,0.623073724232163,0.4299073590172805,False,offline_aa_only,2364,2448,174228316,175728037
rees46-aa-v1-0218,post_converted,42038,42127,unpooled_wald_z_min_cell_10,probability,ok,,0.0576145392264142,0.05673321147957367,-0.0008813277468405281,0.0016005895384656622,,-0.0040184255962648135,0.0022557701025837573,0.5818894256928434,-0.08813277468405281,-8.813277468405282,-0.015296967721586341,ok,0.09411275470801402,0.7590123381401744,False,offline_aa_only,2422,2390,161578731,188377622
rees46-aa-v1-0218,post_purchase_amount,42038,42127,welch_t,observed_amount_per_enrolled_user,ok,,38.43635068271564,44.716600280105396,6.280249597389755,3.3891944950974624,72817.85215562188,-0.36255996510831956,12.92305915988783,0.06388334812528346,,,,ok,0.09411275470801402,0.7590123381401744,False,offline_aa_only,2422,2390,161578731,188377622
rees46-aa-v1-0219,post_converted,42040,42125,unpooled_wald_z_min_cell_10,probability,ok,,0.0571360608943863,0.0572106824925816,7.462159819530273e-05,0.001600579077140591,,-0.0030624557474086124,0.003211698943799218,0.9628147961735263,0.007462159819530273,0.7462159819530273,0.0013060333006371886,ok,0.08584328402542625,0.7695296075687905,False,offline_aa_only,2402,2410,183557566,166398787
rees46-aa-v1-0219,post_purchase_amount,42040,42125,welch_t,observed_amount_per_enrolled_user,ok,,43.66259895337773,39.50119572700297,-4.161403226374759,3.3911489830412744,82400.76368243044,-10.808030730009978,2.4852242772604605,0.21977473815360965,,,,ok,0.08584328402542625,0.7695296075687905,False,offline_aa_only,2402,2410,183557566,166398787
rees46-aa-v1-0220,post_converted,42125,42040,unpooled_wald_z_min_cell_10,probability,ok,,0.05780415430267062,0.05654138915318744,-0.0012627651494831818,0.0016005574015770703,,-0.004399800011763252,0.0018742697127968884,0.430139263140882,-0.12627651494831818,-12.627651494831818,-0.02184557779136716,ok,0.08584328402542625,0.7695296075687905,False,offline_aa_only,2435,2377,180961781,168994572
rees46-aa-v1-0220,post_purchase_amount,42125,42040,welch_t,observed_amount_per_enrolled_user,ok,,42.95828629080119,40.198518553758326,-2.759767737042864,3.3905317906053414,84035.63043179206,-9.405183648931416,3.885648174845688,0.41566840172592895,,,,ok,0.08584328402542625,0.7695296075687905,False,offline_aa_only,2435,2377,180961781,168994572
rees46-aa-v1-0221,post_converted,42118,42047,unpooled_wald_z_min_cell_10,probability,ok,,0.058146160786362124,0.05619901538754251,-0.0019471453988196136,0.001600544171641593,,-0.00508415433090263,0.0011898635332634033,0.22377467077731417,-0.19471453988196136,-19.471453988196135,-0.03348708448651878,ok,0.05989425533178875,0.8066631523550184,False,offline_aa_only,2449,2363,183167095,166789258
rees46-aa-v1-0221,post_purchase_amount,42118,42047,welch_t,observed_amount_per_enrolled_user,ok,,43.489029631036615,39.667338454586535,-3.8216911764500807,3.3896938420442235,75626.51033090419,-10.4654753559083,2.8220930030081384,0.2595582330652184,,,,ok,0.05989425533178875,0.8066631523550184,False,offline_aa_only,2449,2363,183167095,166789258
rees46-aa-v1-0222,post_converted,42136,42029,unpooled_wald_z_min_cell_10,probability,ok,,0.0576229352572622,0.05672273906112446,-0.0009001961961377369,0.001600562510248012,,-0.004037241071228862,0.002236848678953388,0.5738265637674007,-0.0900196196137737,-9.001961961377368,-0.015622185716828536,ok,0.13603041644388997,0.7122596486935221,False,offline_aa_only,2428,2384,173101802,176854551
rees46-aa-v1-0222,post_purchase_amount,42136,42029,welch_t,observed_amount_per_enrolled_user,ok,,41.08168834250997,42.07917176235456,0.9974834198445919,3.3909795957736786,83741.3181040958,-5.648810523126966,7.64377736281615,0.7686379819841924,,,,ok,0.13603041644388997,0.7122596486935221,False,offline_aa_only,2428,2384,173101802,176854551
rees46-aa-v1-0223,post_converted,42263,41902,unpooled_wald_z_min_cell_10,probability,ok,,0.05768639235264889,0.05665600687318028,-0.0010303854794686124,0.001600531941908545,,-0.004167370441715315,0.00210659948277809,0.519720120218282,-0.10303854794686124,-10.303854794686124,-0.017861846398187844,ok,1.548398978197588,0.21337195075285267,False,offline_aa_only,2438,2374,174795093,175161260
rees46-aa-v1-0223,post_purchase_amount,42263,41902,welch_t,observed_amount_per_enrolled_user,ok,,41.358893831483805,41.802601307813475,0.44370747632967067,3.393198985991732,81543.79039118266,-6.206939044947248,7.094353997606589,0.8959625103650698,,,,ok,1.548398978197588,0.21337195075285267,False,offline_aa_only,2438,2374,174795093,175161260
rees46-aa-v1-0224,post_converted,42041,42124,unpooled_wald_z_min_cell_10,probability,ok,,0.05694441140791132,0.05740195612952236,0.000457544721611039,0.0016005733408592827,,-0.002679521381088107,0.003594610824310185,0.7749830416044672,0.0457544721611039,4.57544721611039,0.008034936358082577,ok,0.08185112576486663,0.7748043213189271,False,offline_aa_only,2394,2418,171440189,178516164
rees46-aa-v1-0224,post_purchase_amount,42041,42124,welch_t,observed_amount_per_enrolled_user,ok,,40.77928427011727,42.37873041496535,1.5994461448480735,3.390171678921499,82303.28053278355,-5.0452659653798415,8.244158255075988,0.6370785615850943,,,,ok,0.08185112576486663,0.7748043213189271,False,offline_aa_only,2394,2418,171440189,178516164
rees46-aa-v1-0225,post_converted,41893,42272,unpooled_wald_z_min_cell_10,probability,ok,,0.05790943594395245,0.056443981831945496,-0.0014654541120069572,0.0016006742971927347,,-0.00460271808548368,0.0016718098614697655,0.35991714108657047,-0.14654541120069572,-14.654541120069572,-0.025305964185617254,ok,1.70665953781263,0.19141935261969475,False,offline_aa_only,2426,2386,186929738,163026615
rees46-aa-v1-0225,post_purchase_amount,41893,42272,welch_t,observed_amount_per_enrolled_user,ok,,44.62075716706848,38.566099309235426,-6.054657857833057,3.395972187417197,74672.17562980637,-12.710748926524857,0.6014332108587439,0.07460764882764023,,,,ok,1.70665953781263,0.19141935261969475,False,offline_aa_only,2426,2386,186929738,163026615
rees46-aa-v1-0226,post_converted,42267,41898,unpooled_wald_z_min_cell_10,probability,ok,,0.05720775072751792,0.05713876557353573,-6.898515398219562e-05,0.0016005906610277306,,-0.0032060852035877057,0.0030681148956233145,0.9656219704572575,-0.006898515398219562,-0.6898515398219562,-0.001205870762351308,ok,1.6177864908216004,0.20340070625025,False,offline_aa_only,2418,2394,170204456,179751897
rees46-aa-v1-0226,post_purchase_amount,42267,41898,welch_t,observed_amount_per_enrolled_user,ok,,40.26887548205456,42.902261921810116,2.6333864397555544,3.3944181517877405,78902.90859674144,-4.01965294331639,9.2864258228275,0.4378699593745868,,,,ok,1.6177864908216004,0.20340070625025,False,offline_aa_only,2418,2394,170204456,179751897
rees46-aa-v1-0227,post_converted,42100,42065,unpooled_wald_z_min_cell_10,probability,ok,,0.057482185273159146,0.05686437656008558,-0.0006178087130735629,0.0016005746160680056,,-0.0037548773151358785,0.0025192598889887527,0.6995027251167705,-0.061780871307356294,-6.178087130735629,-0.010747829264626859,ok,0.014554743658290263,0.9039737749768503,False,offline_aa_only,2420,2392,177216594,172739759
rees46-aa-v1-0227,post_purchase_amount,42100,42065,welch_t,observed_amount_per_enrolled_user,ok,,42.0942028503563,41.06496113158208,-1.029241718774216,3.390498219858465,82773.50293903341,-7.674593291708458,5.616109854160026,0.761458930732542,,,,ok,0.014554743658290263,0.9039737749768503,False,offline_aa_only,2420,2392,177216594,172739759
rees46-aa-v1-0228,post_converted,42272,41893,unpooled_wald_z_min_cell_10,probability,ok,,0.0572719530658592,0.05707397417229609,-0.00019797889356311382,0.0016005836327155337,,-0.0033350651679298457,0.002939107380803618,0.9015593920223225,-0.019797889356311382,-1.9797889356311382,-0.003456821061007826,ok,1.70665953781263,0.19141935261969475,False,offline_aa_only,2421,2391,180218201,169738152
rees46-aa-v1-0228,post_purchase_amount,42272,41893,welch_t,observed_amount_per_enrolled_user,ok,,42.63299607305072,40.51706776788485,-2.115928305165866,3.38846031677205,82579.20382291045,-8.757285831541004,4.525429221209273,0.5323329968657304,,,,ok,1.70665953781263,0.19141935261969475,False,offline_aa_only,2421,2391,180218201,169738152
rees46-aa-v1-0229,post_converted,41999,42166,unpooled_wald_z_min_cell_10,probability,ok,,0.05773946998738065,0.056609590665465066,-0.0011298793219155848,0.0016006071629978468,,-0.004267011714788197,0.002007253070957027,0.48024616011762533,-0.11298793219155848,-11.298793219155847,-0.01956857799634336,ok,0.33136101704984255,0.5648587688258471,False,offline_aa_only,2425,2387,182396573,167559780
rees46-aa-v1-0229,post_purchase_amount,41999,42166,welch_t,observed_amount_per_enrolled_user,ok,,43.428789494987974,39.73812550396053,-3.690663991027442,3.3907152576376607,84152.39753768375,-10.336439364052438,2.955111381997554,0.2763944141931654,,,,ok,0.33136101704984255,0.5648587688258471,False,offline_aa_only,2425,2387,182396573,167559780
rees46-aa-v1-0230,post_converted,42101,42064,unpooled_wald_z_min_cell_10,probability,ok,,0.057860858411914205,0.056485355648535567,-0.0013755027633786387,0.0016005644537802676,,-0.004512551447722987,0.0017615459209657097,0.3901275636015322,-0.13755027633786387,-13.755027633786387,-0.023772595172825973,ok,0.016265668627101527,0.898515445554332,False,offline_aa_only,2436,2376,172932231,177024122
rees46-aa-v1-0230,post_purchase_amount,42101,42064,welch_t,observed_amount_per_enrolled_user,ok,,41.07556376333104,42.08447175732218,1.0089079939911372,3.3909506762201884,81493.54704728497,-5.637331916521014,7.655147904503289,0.7660630174653587,,,,ok,0.016265668627101527,0.898515445554332,False,offline_aa_only,2436,2376,172932231,177024122
rees46-aa-v1-0231,post_converted,42215,41950,unpooled_wald_z_min_cell_10,probability,ok,,0.056686012081013856,0.05766388557806913,0.000977873497055276,0.0016006241405875277,,-0.0021592921712816544,0.004115039165392206,0.5412441896369619,0.0977873497055276,9.77873497055276,0.01725070191315858,ok,0.834372957880354,0.361011082888814,False,offline_aa_only,2393,2419,166533518,183422835
rees46-aa-v1-0231,post_purchase_amount,42215,41950,welch_t,observed_amount_per_enrolled_user,ok,,39.44889683761696,43.724156138259836,4.27525930064288,3.3918798620995845,82973.92185230655,-2.372800046108143,10.923318647393902,0.20751441045336277,,,,ok,0.834372957880354,0.361011082888814,False,offline_aa_only,2393,2419,166533518,183422835
rees46-aa-v1-0232,post_converted,42204,41961,unpooled_wald_z_min_cell_10,probability,ok,,0.05724575869585821,0.05710064107147113,-0.00014511762438708387,0.0016005803563187131,,-0.003282197477134048,0.0029919622283598804,0.9277582823856629,-0.014511762438708387,-1.4511762438708387,-0.0025349934683909304,ok,0.7015861700231688,0.40225123088648973,False,offline_aa_only,2416,2396,179677266,170279087
rees46-aa-v1-0232,post_purchase_amount,42204,41961,welch_t,observed_amount_per_enrolled_user,ok,,42.573515780494745,40.5803214890017,-1.9931942914930474,3.3872030584221773,74929.4086605704,-8.63209753515422,4.645708952168124,0.5562331185326362,,,,ok,0.7015861700231688,0.40225123088648973,False,offline_aa_only,2416,2396,179677266,170279087
rees46-aa-v1-0233,post_converted,42336,41829,unpooled_wald_z_min_cell_10,probability,ok,,0.05827191987906274,0.05606158406846924,-0.002210335810593496,0.001600415089819769,,-0.005347091746954679,0.0009264201257676869,0.1672477295958057,-0.2210335810593496,-22.10335810593496,-0.03793140530088619,ok,3.054108002138656,0.08053320419568492,False,offline_aa_only,2467,2345,184305519,165650834
rees46-aa-v1-0233,post_purchase_amount,42336,41829,welch_t,observed_amount_per_enrolled_user,ok,,43.53399447278911,39.60191111429869,-3.9320833584904236,3.385576912069091,79571.17718896944,-10.567793109418949,2.7036263924381014,0.24547382841591295,,,,ok,3.054108002138656,0.08053320419568492,False,offline_aa_only,2467,2345,184305519,165650834
rees46-aa-v1-0234,post_converted,42248,41917,unpooled_wald_z_min_cell_10,probability,ok,,0.05898504071198637,0.05534747238590548,-0.0036375683260808853,0.0016003544154405468,,-0.0067742053428440085,-0.0005009313093177624,0.023027583022180536,-0.36375683260808855,-36.375683260808856,-0.06166933653301173,ok,1.3017406285272977,0.25389552242926416,False,offline_aa_only,2492,2320,185208232,164748121
rees46-aa-v1-0234,post_purchase_amount,42248,41917,welch_t,observed_amount_per_enrolled_user,ok,,43.83834311683393,39.30341412791946,-4.534928988914473,3.388237059601029,81660.25702731562,-11.175850028228462,2.105992050399516,0.1807589869238027,,,,ok,1.3017406285272977,0.25389552242926416,False,offline_aa_only,2492,2320,185208232,164748121
rees46-aa-v1-0235,post_converted,42049,42116,unpooled_wald_z_min_cell_10,probability,ok,,0.05781350329377631,0.056534333744895054,-0.0012791695488812566,0.0016005870956522239,,-0.004416262610479182,0.0018579235127166686,0.4241815723653214,-0.12791695488812566,-12.791695488812566,-0.022125792003664317,ok,0.05333570961801224,0.8173573344888074,False,offline_aa_only,2431,2381,158668680,191287673
rees46-aa-v1-0235,post_purchase_amount,42049,42116,welch_t,observed_amount_per_enrolled_user,ok,,37.7342338700088,45.41924043119005,7.685006561181247,3.389472897201754,72089.92717825879,1.0416502164897024,14.32836290587279,0.023373868488551507,,,,ok,0.05333570961801224,0.8173573344888074,False,offline_aa_only,2431,2381,158668680,191287673
rees46-aa-v1-0236,post_converted,42036,42129,unpooled_wald_z_min_cell_10,probability,ok,,0.056380245503853836,0.05796482233141067,0.0015845768275568328,0.001600547907471418,,-0.0015524394266180934,0.004721593081731759,0.3221636142022325,0.15845768275568328,15.845768275568329,0.028105177857881445,ok,0.10276243093922652,0.7485394598662194,False,offline_aa_only,2370,2442,173549956,176406397
rees46-aa-v1-0236,post_purchase_amount,42036,42129,welch_t,observed_amount_per_enrolled_user,ok,,41.28603006946427,41.872913432552394,0.5868833630881269,3.390520297255336,84016.35289096233,-6.058510043885669,7.232276770061923,0.8625768817294035,,,,ok,0.10276243093922652,0.7485394598662194,False,offline_aa_only,2370,2442,173549956,176406397
rees46-aa-v1-0237,post_converted,42356,41809,unpooled_wald_z_min_cell_10,probability,ok,,0.05604872981395788,0.05831280346336913,0.0022640736494112523,0.0016007875206926708,,-0.0008734122380475492,0.005401559536870054,0.15725919610192143,0.22640736494112523,22.640736494112524,0.04039473609707793,ok,3.5550288124517317,0.059365277425066594,False,offline_aa_only,2374,2438,177854865,172101488
rees46-aa-v1-0237,post_purchase_amount,42356,41809,welch_t,observed_amount_per_enrolled_user,ok,,41.990477146095,41.16374177808606,-0.82673536800894,3.3866543266083307,81707.08519476531,-7.464554205292519,5.811083469274639,0.8071418546773056,,,,ok,3.5550288124517317,0.059365277425066594,False,offline_aa_only,2374,2438,177854865,172101488
rees46-aa-v1-0238,post_converted,42083,42082,unpooled_wald_z_min_cell_10,probability,ok,,0.05774303162797329,0.05660377358490566,-0.00113925804306763,0.0016005742772803207,,-0.004276325981118285,0.0019978098949830245,0.4766005225218308,-0.113925804306763,-11.392580430676299,-0.01972979268576752,ok,1.1881423394522664e-05,0.9972497419939068,False,offline_aa_only,2430,2382,176912662,173043691
rees46-aa-v1-0238,post_purchase_amount,42083,42082,welch_t,observed_amount_per_enrolled_user,ok,,42.038985338497724,41.12059574164726,-0.9183895968504672,3.3906842080402,83944.11010143439,-7.564104350083177,5.727325156382243,0.7865019009005123,,,,ok,1.1881423394522664e-05,0.9972497419939068,False,offline_aa_only,2430,2382,176912662,173043691
rees46-aa-v1-0239,post_converted,42174,41991,unpooled_wald_z_min_cell_10,probability,ok,,0.05688338786930336,0.05746469481555572,0.0005813069462523579,0.001600598420851709,,-0.0025558083123286756,0.0037184222048333914,0.7164696746332123,0.05813069462523579,5.813069462523579,0.010219274343996224,ok,0.3978969880591695,0.5281773431152283,False,offline_aa_only,2399,2413,179810637,170145716
rees46-aa-v1-0239,post_purchase_amount,42174,41991,welch_t,observed_amount_per_enrolled_user,ok,,42.63542395788875,40.5195675263747,-2.1158564315140467,3.3890967245127355,80573.30875389585,-8.758463736281595,4.526750873253501,0.5324239536087486,,,,ok,0.3978969880591695,0.5281773431152283,False,offline_aa_only,2399,2413,179810637,170145716
rees46-aa-v1-0240,post_converted,42141,42024,unpooled_wald_z_min_cell_10,probability,ok,,0.05661944424669562,0.05772891680944223,0.0011094725627466065,0.0016005965296288943,,-0.0020276389891058237,0.004246584114599036,0.4882079430211369,0.11094725627466065,11.094725627466065,0.0195952570271185,ok,0.16264480484762076,0.6867330910476415,False,offline_aa_only,2386,2426,176998092,172958261
rees46-aa-v1-0240,post_purchase_amount,42141,42024,welch_t,observed_amount_per_enrolled_user,ok,,42.00139816330889,41.157020036169804,-0.8443781271390876,3.390198401588796,83319.5190718001,-7.489141421719532,5.800385167441357,0.8033114900171788,,,,ok,0.16264480484762076,0.6867330910476415,False,offline_aa_only,2386,2426,176998092,172958261
rees46-aa-v1-0241,post_converted,42030,42135,unpooled_wald_z_min_cell_10,probability,ok,,0.05538900785153462,0.058953364186543254,0.0035643563350086366,0.0016004748909488138,,0.000427483190588291,0.006701229479428982,0.025943150319101757,0.35643563350086366,35.64356335008637,0.0643513302235451,ok,0.13099269292461238,0.7174049932486235,False,offline_aa_only,2328,2484,171370277,178586076
rees46-aa-v1-0241,post_purchase_amount,42030,42135,welch_t,observed_amount_per_enrolled_user,ok,,40.7733231025458,42.384259166963325,1.6109360644175226,3.391180192648548,82962.19498320683,-5.035751949109434,8.25762407794448,0.6347618519103988,,,,ok,0.13099269292461238,0.7174049932486235,False,offline_aa_only,2328,2484,171370277,178586076
rees46-aa-v1-0242,post_converted,42206,41959,unpooled_wald_z_min_cell_10,probability,ok,,0.057669525659858785,0.05667437260182559,-0.000995153058033195,0.0016005440877037633,,-0.004132161825601088,0.0021418557095346986,0.5341001989793525,-0.09951530580331949,-9.95153058033195,-0.01725613392249344,ok,0.7248737598764332,0.3945498659508553,False,offline_aa_only,2434,2378,177356363,172599990
rees46-aa-v1-0242,post_purchase_amount,42206,41959,welch_t,observed_amount_per_enrolled_user,ok,,42.02159953561105,41.1353916918897,-0.8862078437213512,3.3887838382486692,81332.86814808611,-7.528200961661972,5.75578527421927,0.7936983123869189,,,,ok,0.7248737598764332,0.3945498659508553,False,offline_aa_only,2434,2378,177356363,172599990
rees46-aa-v1-0243,post_converted,41715,42450,unpooled_wald_z_min_cell_10,probability,ok,,0.05638259618842143,0.057950530035335686,0.0015679338469142545,0.0016004511231993705,,-0.0015688927135731885,0.004704760407401698,0.3272429011833041,0.15679338469142545,15.679338469142545,0.027808826710896312,ok,6.418641953306006,0.01129284872912293,False,offline_aa_only,2352,2460,178185680,171770673
rees46-aa-v1-0243,post_purchase_amount,41715,42450,welch_t,observed_amount_per_enrolled_user,ok,,42.71501378401055,40.464233922261485,-2.2507798617490664,3.3984793571053733,78214.53235499522,-8.911780082388322,4.410220358890189,0.5077871531965577,,,,ok,6.418641953306006,0.01129284872912293,False,offline_aa_only,2352,2460,178185680,171770673
rees46-aa-v1-0244,post_converted,41927,42238,unpooled_wald_z_min_cell_10,probability,ok,,0.05659837336322656,0.057744211373644584,0.0011458380104180238,0.0016005296527741696,,-0.001991142465207747,0.0042828184860437945,0.4740458327158511,0.11458380104180238,11.458380104180238,0.02024506964298208,ok,1.1491831521416265,0.28372020976164786,False,offline_aa_only,2373,2439,169267859,180688494
rees46-aa-v1-0244,post_purchase_amount,41927,42238,welch_t,observed_amount_per_enrolled_user,ok,,40.372041643809474,42.778657606894264,2.406615963084789,3.390387739147172,84137.91578124644,-4.238517492712518,9.051749418882096,0.47780841418313574,,,,ok,1.1491831521416265,0.28372020976164786,False,offline_aa_only,2373,2439,169267859,180688494
rees46-aa-v1-0245,post_converted,41892,42273,unpooled_wald_z_min_cell_10,probability,ok,,0.05659791845698463,0.0577437134814184,0.0011457950244337725,0.0016005225967299452,,-0.001991171621599445,0.0042827616704669905,0.4740604686909109,0.11457950244337725,11.457950244337725,0.020244472865280302,ok,1.7247193013723043,0.18908669894288002,False,offline_aa_only,2371,2441,167014025,182942328
rees46-aa-v1-0245,post_purchase_amount,41892,42273,welch_t,observed_amount_per_enrolled_user,ok,,39.86776114771317,43.27640053935136,3.4086393916381894,3.389328307889388,83624.6501712863,-3.234418173730486,10.051696957006865,0.3145639613523677,,,,ok,1.7247193013723043,0.18908669894288002,False,offline_aa_only,2371,2441,167014025,182942328
rees46-aa-v1-0246,post_converted,42100,42065,unpooled_wald_z_min_cell_10,probability,ok,,0.05667458432304038,0.0576726494710567,0.0009980651480163208,0.001600581170948973,,-0.002139016301376614,0.004135146597409255,0.5329138151901067,0.09980651480163208,9.980651480163209,0.017610453785199962,ok,0.014554743658290263,0.9039737749768503,False,offline_aa_only,2386,2426,179416916,170539437
rees46-aa-v1-0246,post_purchase_amount,42100,42065,welch_t,observed_amount_per_enrolled_user,ok,,42.61684465558195,40.54188446451919,-2.0749601910627575,3.3905556161061483,83561.84186423408,-8.720423343448438,4.570502961322923,0.5405511008309835,,,,ok,0.014554743658290263,0.9039737749768503,False,offline_aa_only,2386,2426,179416916,170539437
rees46-aa-v1-0247,post_converted,42308,41857,unpooled_wald_z_min_cell_10,probability,ok,,0.058145031672496926,0.056191318059106,-0.001953713613390924,0.0016004504198742764,,-0.005090538795386514,0.0011831115686046652,0.22218926558563,-0.19537136133909241,-19.537136133909243,-0.03360069738022082,ok,2.4166933998693043,0.12004809052987718,False,offline_aa_only,2460,2352,179642436,170313917
rees46-aa-v1-0247,post_purchase_amount,42308,41857,welch_t,observed_amount_per_enrolled_user,ok,,42.460630613595534,40.68947057839788,-1.7711600351976529,3.392031082845255,83594.60875550625,-8.41951505339333,4.877194982998023,0.6015650205725133,,,,ok,2.4166933998693043,0.12004809052987718,False,offline_aa_only,2460,2352,179642436,170313917
rees46-aa-v1-0248,post_converted,42166,41999,unpooled_wald_z_min_cell_10,probability,ok,,0.05675188540530285,0.05759660944308198,0.0008447240377791321,0.0016006018133417437,,-0.0022923978699601875,0.003981845945518451,0.5976700757916542,0.08447240377791321,8.44724037779132,0.014884510562889629,ok,0.33136101704984255,0.5648587688258471,False,offline_aa_only,2393,2419,174957727,174998626
rees46-aa-v1-0248,post_purchase_amount,42166,41999,welch_t,observed_amount_per_enrolled_user,ok,,41.49260707679173,41.667331603133405,0.17472452634167723,3.3914974097809125,82890.57662847475,-6.472585314203725,6.822034366887079,0.9589125629266975,,,,ok,0.33136101704984255,0.5648587688258471,False,offline_aa_only,2393,2419,174957727,174998626
rees46-aa-v1-0249,post_converted,42153,42012,unpooled_wald_z_min_cell_10,probability,ok,,0.057742034967855196,0.05660287536894221,-0.0011391595989129893,0.0016005516084351364,,-0.004276183106843512,0.001997863909017533,0.4766323726683429,-0.11391595989129893,-11.391595989129893,-0.01972842833729632,ok,0.23621457850650507,0.6269536145242258,False,offline_aa_only,2434,2378,176902535,173053818
rees46-aa-v1-0249,post_purchase_amount,42153,42012,welch_t,observed_amount_per_enrolled_user,ok,,41.96677223447916,41.19152099400172,-0.7752512404774379,3.3897629686982205,82076.41804447515,-7.419162551675139,5.868660070720264,0.8190998098463401,,,,ok,0.23621457850650507,0.6269536145242258,False,offline_aa_only,2434,2378,176902535,173053818
rees46-aa-v1-0250,post_converted,42046,42119,unpooled_wald_z_min_cell_10,probability,ok,,0.056652238025020216,0.05769367743773594,0.0010414394127157209,0.0016005639717444698,,-0.0020956083268558246,0.004178487152287266,0.5152593500789056,0.10414394127157209,10.414394127157209,0.018383023319498405,ok,0.06331610526941127,0.8013294512906404,False,offline_aa_only,2382,2430,172935536,177020817
rees46-aa-v1-0250,post_purchase_amount,42046,42119,welch_t,observed_amount_per_enrolled_user,ok,,41.13008038814631,42.02873216363162,0.8986517754853054,3.390615820926659,84124.92163305628,-5.746928733582996,7.5442322845536065,0.7909786250305936,,,,ok,0.06331610526941127,0.8013294512906404,False,offline_aa_only,2382,2430,172935536,177020817
rees46-aa-v1-0251,post_converted,41911,42254,unpooled_wald_z_min_cell_10,probability,ok,,0.05578487747846628,0.058550669759076066,0.0027657922806097884,0.0016004159527240977,,-0.0003709653470128009,0.005902549908232378,0.0839575888816672,0.27657922806097884,27.657922806097883,0.04957960661789428,ok,1.3978375809421968,0.23708596580917107,False,offline_aa_only,2338,2474,170927429,179028924
rees46-aa-v1-0251,post_purchase_amount,41911,42254,welch_t,observed_amount_per_enrolled_user,ok,,40.783428932738424,42.36969849008377,1.5862695573453465,3.390026124204457,84020.62873654779,-5.058155269421635,8.23069438411233,0.639841214005543,,,,ok,1.3978375809421968,0.23708596580917107,False,offline_aa_only,2338,2474,170927429,179028924
rees46-aa-v1-0252,post_converted,42030,42135,unpooled_wald_z_min_cell_10,probability,ok,,0.05822031881989055,0.05612910881689807,-0.0020912100029924843,0.0016005985901007438,,-0.0052283255932955314,0.0010459055873105623,0.19137664568479773,-0.20912100029924843,-20.912100029924844,-0.03591890332070867,ok,0.13099269292461238,0.7174049932486235,False,offline_aa_only,2447,2365,184463966,165492387
rees46-aa-v1-0252,post_purchase_amount,42030,42135,welch_t,observed_amount_per_enrolled_user,ok,,43.88864287413752,39.27670274118904,-4.611940132948476,3.3921125000440684,75059.99028020713,-11.260465673968655,2.036585408071703,0.17395838420372373,,,,ok,0.13099269292461238,0.7174049932486235,False,offline_aa_only,2447,2365,184463966,165492387
rees46-aa-v1-0253,post_converted,42279,41886,unpooled_wald_z_min_cell_10,probability,ok,,0.05756995198561934,0.056773146158621016,-0.0007968058269983216,0.0016005454423250257,,-0.003933817249575103,0.002340205595578459,0.6186010990691286,-0.07968058269983216,-7.968058269983216,-0.013840654708160247,ok,1.8350739618606309,0.1755294081801385,False,offline_aa_only,2434,2378,188148214,161808139
rees46-aa-v1-0253,post_purchase_amount,42279,41886,welch_t,observed_amount_per_enrolled_user,ok,,44.50157619622035,38.630601871747125,-5.870974324473224,3.3869003876487813,79985.74464179619,-12.509277555962734,0.767328907016287,0.08302209584727478,,,,ok,1.8350739618606309,0.1755294081801385,False,offline_aa_only,2434,2378,188148214,161808139
rees46-aa-v1-0254,post_converted,41999,42166,unpooled_wald_z_min_cell_10,probability,ok,,0.05683468654015572,0.0575107906844377,0.000676104144281979,0.0016005630870610267,,-0.0024609418613418805,0.0038131501499058386,0.6727210879640456,0.0676104144281979,6.76104144281979,0.0118959773589019,ok,0.33136101704984255,0.5648587688258471,False,offline_aa_only,2387,2425,176467646,173488707
rees46-aa-v1-0254,post_purchase_amount,41999,42166,welch_t,observed_amount_per_enrolled_user,ok,,42.017106597776134,41.14421737893089,-0.8728892188452448,3.3912386432851593,83550.09124035785,-7.51969111283396,5.77391267514347,0.7968741893166942,,,,ok,0.33136101704984255,0.5648587688258471,False,offline_aa_only,2387,2425,176467646,173488707
rees46-aa-v1-0255,post_converted,42001,42164,unpooled_wald_z_min_cell_10,probability,ok,,0.05637961000928549,0.05796414002466559,0.0015845300153801006,0.0016005326045019834,,-0.0015524562455258772,0.0047215162762860785,0.3221732832035875,0.15845300153801006,15.845300153801006,0.02810466434796436,ok,0.3156775381690727,0.5742169395350164,False,offline_aa_only,2368,2444,166212994,183743359
rees46-aa-v1-0255,post_purchase_amount,42001,42164,welch_t,observed_amount_per_enrolled_user,ok,,39.5735801528535,43.578256095247134,4.004675942393632,3.389713636450356,82531.70237382276,-2.6391381374643847,10.64849002225165,0.23743926733255993,,,,ok,0.3156775381690727,0.5742169395350164,False,offline_aa_only,2368,2444,166212994,183743359
rees46-aa-v1-0256,post_converted,41990,42175,unpooled_wald_z_min_cell_10,probability,ok,,0.05744224815432246,0.05690574985180794,-0.0005364983025145167,0.001600597576495245,,-0.0036736119061872912,0.0026006153011582578,0.7374845921636598,-0.053649830251451675,-5.364983025145167,-0.009339785954637048,ok,0.40664171567753815,0.5236789782404854,False,offline_aa_only,2412,2400,171276813,178679540
rees46-aa-v1-0256,post_purchase_amount,41990,42175,welch_t,observed_amount_per_enrolled_user,ok,,40.789905453679445,42.36622169531714,1.5763162416376915,3.391300858370376,83535.4414107949,-5.070607610331077,8.22324009360646,0.6420675358411736,,,,ok,0.40664171567753815,0.5236789782404854,False,offline_aa_only,2412,2400,171276813,178679540
rees46-aa-v1-0257,post_converted,42118,42047,unpooled_wald_z_min_cell_10,probability,ok,,0.05655539199392184,0.05779247033082027,0.0012370783368984353,0.0016005878835946338,,-0.0019000162690382353,0.004374172942835106,0.4395874954058381,0.12370783368984353,12.370783368984354,0.021873747016577794,ok,0.05989425533178875,0.8066631523550184,False,offline_aa_only,2382,2430,166870494,183085859
rees46-aa-v1-0257,post_purchase_amount,42118,42047,welch_t,observed_amount_per_enrolled_user,ok,,39.6197573484021,43.54314433847836,3.92338699007626,3.391323688086601,79779.74898086423,-2.7235861418717384,10.570360122024258,0.24732094603976795,,,,ok,0.05989425533178875,0.8066631523550184,False,offline_aa_only,2382,2430,166870494,183085859
rees46-aa-v1-0258,post_converted,41962,42203,unpooled_wald_z_min_cell_10,probability,ok,,0.05533577999142081,0.059000544984953676,0.003664764993532868,0.0016003979924101139,,0.0005280425674788381,0.006801487419586898,0.022026620407303864,0.3664764993532868,36.64764993532868,0.06622776428020077,ok,0.6900849521772708,0.40613548683444656,False,offline_aa_only,2322,2490,159343308,190613045
rees46-aa-v1-0258,post_purchase_amount,41962,42203,welch_t,observed_amount_per_enrolled_user,ok,,37.97323959773128,45.16575717366064,7.192517575929358,3.3899136368932608,83801.28699442836,0.5483129728927336,13.836722178965982,0.033862448738039355,,,,ok,0.6900849521772708,0.40613548683444656,False,offline_aa_only,2322,2490,159343308,190613045
rees46-aa-v1-0259,post_converted,42197,41968,unpooled_wald_z_min_cell_10,probability,ok,,0.05841647510486527,0.055923560808234844,-0.0024929142966304274,0.0016004729400810947,,-0.005629783617420305,0.0006439550241594504,0.11932548359718126,-0.24929142966304274,-24.929142966304273,-0.0426748497261315,ok,0.623073724232163,0.4299073590172805,False,offline_aa_only,2465,2347,181701501,168254852
rees46-aa-v1-0259,post_purchase_amount,42197,41968,welch_t,observed_amount_per_enrolled_user,ok,,43.06028888309595,40.091224742661076,-2.969064140434874,3.3883593923232667,79344.40655070546,-9.610227824128255,3.6720995432585077,0.3808945115346139,,,,ok,0.623073724232163,0.4299073590172805,False,offline_aa_only,2465,2347,181701501,168254852
rees46-aa-v1-0260,post_converted,42123,42042,unpooled_wald_z_min_cell_10,probability,ok,,0.05726087885478242,0.057085771371485655,-0.00017510748329676445,0.0016005776840345876,,-0.0033121820984630865,0.0029619671318695576,0.9128831105974116,-0.017510748329676445,-1.7510748329676447,-0.0030580648917535695,ok,0.0779540188914632,0.7800894486977499,False,offline_aa_only,2412,2400,175896267,174060086
rees46-aa-v1-0260,post_purchase_amount,42123,42042,welch_t,observed_amount_per_enrolled_user,ok,,41.757772950644544,41.40147614290472,-0.35629680773982386,3.390112468702958,81701.82045340739,-7.000893585729671,6.288299970250023,0.9162976565216747,,,,ok,0.0779540188914632,0.7800894486977499,False,offline_aa_only,2412,2400,175896267,174060086
rees46-aa-v1-0261,post_converted,42039,42126,unpooled_wald_z_min_cell_10,probability,ok,,0.05628107233759128,0.0580639035275127,0.0017828311899214175,0.0016005440982045187,,-0.0013541775982275784,0.004919839978070413,0.2653260785594953,0.17828311899214175,17.828311899214174,0.031677278272657004,ok,0.08993049367314204,0.7642655371122467,False,offline_aa_only,2366,2446,173474286,176482067
rees46-aa-v1-0261,post_purchase_amount,42039,42126,welch_t,observed_amount_per_enrolled_user,ok,,41.26508385071005,41.89385818734273,0.6287743366326808,3.390789530994918,84077.11056789177,-6.017146697187269,7.274695370452631,0.8528875470665063,,,,ok,0.08993049367314204,0.7642655371122467,False,offline_aa_only,2366,2446,173474286,176482067
rees46-aa-v1-0262,post_converted,42177,41988,unpooled_wald_z_min_cell_10,probability,ok,,0.05652369774995851,0.057826045536820046,0.0013023477868615366,0.001600615466530525,,-0.001834800880636069,0.004439496454359142,0.41584297489986033,0.13023477868615366,13.023477868615366,0.023040739348346908,ok,0.42441632507574406,0.5147415695479329,False,offline_aa_only,2384,2428,167683349,182273004
rees46-aa-v1-0262,post_purchase_amount,42177,41988,welch_t,observed_amount_per_enrolled_user,ok,,39.75705929772151,43.41073735352958,3.653678055808072,3.3907244814799116,84151.27202108703,-2.9921153971540404,10.299471508770186,0.28123733412094065,,,,ok,0.42441632507574406,0.5147415695479329,False,offline_aa_only,2384,2428,167683349,182273004
rees46-aa-v1-0263,post_converted,42287,41878,unpooled_wald_z_min_cell_10,probability,ok,,0.058883344763165986,0.05544677396246239,-0.0034365708007035936,0.0016003347248028318,,-0.006573169224525962,-0.0002999723768812245,0.031760853584719986,-0.34365708007035933,-34.365708007035934,-0.058362357208575445,ok,1.9875363868591458,0.15859871030123202,False,offline_aa_only,2490,2322,188367054,161589299
rees46-aa-v1-0263,post_purchase_amount,42287,41878,welch_t,observed_amount_per_enrolled_user,ok,,44.54490836427271,38.58572496298772,-5.959183401284989,3.3861339398591332,78616.92821022935,-12.595986148609116,0.6776193460391386,0.07843234394895537,,,,ok,1.9875363868591458,0.15859871030123202,False,offline_aa_only,2490,2322,188367054,161589299
rees46-aa-v1-0264,post_converted,41888,42277,unpooled_wald_z_min_cell_10,probability,ok,,0.05700916730328495,0.05733614021808548,0.00032697291480052876,0.001600576100353262,,-0.002810098596407432,0.0034640444260084897,0.8381311688796427,0.032697291480052876,3.2697291480052875,0.005735444495462541,ok,1.797908869482564,0.17996550808644438,False,offline_aa_only,2388,2424,169863111,180093242
rees46-aa-v1-0264,post_purchase_amount,41888,42277,welch_t,observed_amount_per_enrolled_user,ok,,40.551735819327725,42.59839676419803,2.046660944870304,3.387163398628151,80358.84284797541,-4.592157320032905,8.685479209773513,0.5456855348796752,,,,ok,1.797908869482564,0.17996550808644438,False,offline_aa_only,2388,2424,169863111,180093242
rees46-aa-v1-0265,post_converted,42089,42076,unpooled_wald_z_min_cell_10,probability,ok,,0.05702202475706242,0.05732484076433121,0.0003028160072687941,0.0016005795662257653,,-0.0028342622969244483,0.0034398943114620365,0.8499427498163481,0.03028160072687941,3.0281600726879407,0.005310509554140115,ok,0.0020079605536743304,0.9642585367621211,False,offline_aa_only,2400,2412,182131356,167824997
rees46-aa-v1-0265,post_purchase_amount,42089,42076,welch_t,observed_amount_per_enrolled_user,ok,,43.272911211955616,39.88615766707863,-3.3867535448769885,3.3905503791797784,80416.81713749212,-10.032210197505208,3.2587031077512316,0.3178557482091467,,,,ok,0.0020079605536743304,0.9642585367621211,False,offline_aa_only,2400,2412,182131356,167824997
rees46-aa-v1-0266,post_converted,42014,42151,unpooled_wald_z_min_cell_10,probability,ok,,0.05705241110106155,0.05729401437688311,0.00024160327582156,0.0016005760052183633,,-0.0028954680489254258,0.0033786746005685458,0.8800169678756167,0.024160327582156,2.4160327582156,0.004234760129481444,ok,0.22300243569179587,0.6367616743192615,False,offline_aa_only,2397,2415,168637888,181318465
rees46-aa-v1-0266,post_purchase_amount,42014,42151,welch_t,observed_amount_per_enrolled_user,ok,,40.13849859570619,43.01640886337216,2.8779102676659747,3.3900821956530947,83263.68215215429,-3.7666253288871143,9.522445864219064,0.39592797233624905,,,,ok,0.22300243569179587,0.6367616743192615,False,offline_aa_only,2397,2415,168637888,181318465
rees46-aa-v1-0267,post_converted,42116,42049,unpooled_wald_z_min_cell_10,probability,ok,,0.05760281128312281,0.05674332326571381,-0.0008594880174089964,0.001600568041353681,,-0.003996543733268027,0.0022775676984500342,0.5912749596751443,-0.08594880174089964,-8.594880174089964,-0.014920938722669946,ok,0.05333570961801224,0.8173573344888074,False,offline_aa_only,2426,2386,189971823,159984530
rees46-aa-v1-0267,post_purchase_amount,42116,42049,welch_t,observed_amount_per_enrolled_user,ok,,45.10680572703961,38.047166401103475,-7.059639325936132,3.3895494292408017,73207.70213842913,-13.703143970073011,-0.41613468179925306,0.03727599307550155,,,,ok,0.05333570961801224,0.8173573344888074,False,offline_aa_only,2426,2386,189971823,159984530
rees46-aa-v1-0268,post_converted,41939,42226,unpooled_wald_z_min_cell_10,probability,ok,,0.056987529507141324,0.05735802586084403,0.00037049635370270395,0.0016005714566441885,,-0.002766566056002718,0.003507558763408126,0.8169438271363799,0.037049635370270395,3.7049635370270395,0.006501358400810754,ok,0.9786609635834373,0.3225296164114071,False,offline_aa_only,2390,2422,160494565,189461788
rees46-aa-v1-0268,post_purchase_amount,41939,42226,welch_t,observed_amount_per_enrolled_user,ok,,38.26857221202222,44.86851418557287,6.599941973550649,3.387266473030785,77870.59478507616,-0.03908151182441966,13.238965458925719,0.05136393085326354,,,,ok,0.9786609635834373,0.3225296164114071,False,offline_aa_only,2390,2422,160494565,189461788
rees46-aa-v1-0269,post_converted,42257,41908,unpooled_wald_z_min_cell_10,probability,ok,,0.05745793596327236,0.05688651331488021,-0.0005714226483921475,0.0016005606649706029,,-0.0037084639068060087,0.0025656186100217137,0.7210812861076362,-0.05714226483921475,-5.714226483921475,-0.009945060483157733,ok,1.447169250876255,0.2289827138039357,False,offline_aa_only,2428,2384,181023015,168933338
rees46-aa-v1-0269,post_purchase_amount,42257,41908,welch_t,observed_amount_per_enrolled_user,ok,,42.83858650637764,40.3105225732557,-2.528063933121935,3.391668923304108,83666.12143173478,-9.175709039111979,4.119581172868108,0.45604737663348244,,,,ok,1.447169250876255,0.2289827138039357,False,offline_aa_only,2428,2384,181023015,168933338
rees46-aa-v1-0270,post_converted,41888,42277,unpooled_wald_z_min_cell_10,probability,ok,,0.05667494270435447,0.057667289542777396,0.0009923468384229264,0.0016005324042740355,,-0.002144639030043485,0.004129332706889338,0.53525089787985,0.09923468384229264,9.923468384229265,0.01750944581628456,ok,1.797908869482564,0.17996550808644438,False,offline_aa_only,2374,2438,169809546,180146807
rees46-aa-v1-0270,post_purchase_amount,41888,42277,welch_t,observed_amount_per_enrolled_user,ok,,40.53894814744079,42.61106677389597,2.072118626455179,3.387882713553582,81757.30969864503,-4.568107780237983,8.712345033148342,0.5407866446657946,,,,ok,1.797908869482564,0.17996550808644438,False,offline_aa_only,2374,2438,169809546,180146807
rees46-aa-v1-0271,post_converted,42224,41941,unpooled_wald_z_min_cell_10,probability,ok,,0.05887646835922698,0.05545885887317899,-0.0034176094860479955,0.0016003938553090834,,-0.006554323803533005,-0.0002808951685629858,0.03272180094358205,-0.34176094860479955,-34.17609486047996,-0.05804712105345557,ok,0.9515713182439256,0.32931965404933217,False,offline_aa_only,2486,2326,179642289,170314064
rees46-aa-v1-0271,post_purchase_amount,42224,41941,welch_t,observed_amount_per_enrolled_user,ok,,42.54506654982948,40.608012207625,-1.9370543422044761,3.3900013949717516,83916.1477213625,-8.58143081904202,4.707322134633068,0.5677285510522693,,,,ok,0.9515713182439256,0.32931965404933217,False,offline_aa_only,2486,2326,179642289,170314064
rees46-aa-v1-0272,post_converted,42005,42160,unpooled_wald_z_min_cell_10,probability,ok,,0.05625520771336746,0.05808823529411765,0.001833027580750192,0.0016005251277126454,,-0.0013039440259179631,0.0049699991874183475,0.25209883822630597,0.1833027580750192,18.33027580750192,0.03258414030021659,ok,0.285451197053407,0.5931503658966883,False,offline_aa_only,2363,2449,167344129,182612224
rees46-aa-v1-0272,post_purchase_amount,42005,42160,welch_t,observed_amount_per_enrolled_user,ok,,39.83909748839424,43.314094876660334,3.4749973882660967,3.3900214737703944,83331.04535014142,-3.169419115773832,10.119413892306024,0.3053347947586805,,,,ok,0.285451197053407,0.5931503658966883,False,offline_aa_only,2363,2449,167344129,182612224
rees46-aa-v1-0273,post_converted,42096,42069,unpooled_wald_z_min_cell_10,probability,ok,,0.05782022044849867,0.05652618317525969,-0.001294037273238978,0.0016005676812117088,,-0.0044310922832327135,0.0018430177367547576,0.4188106066052959,-0.1294037273238978,-12.940372732389779,-0.022380358691153665,ok,0.008661557654607022,0.9258499447030843,False,offline_aa_only,2434,2378,176323520,173632833
rees46-aa-v1-0273,post_purchase_amount,42096,42069,welch_t,observed_amount_per_enrolled_user,ok,,41.88605093120486,41.27334450545533,-0.6127064257495363,3.390703908077262,84130.25452489857,-7.258459578883447,6.033046727384375,0.8566020518793689,,,,ok,0.008661557654607022,0.9258499447030843,False,offline_aa_only,2434,2378,176323520,173632833
rees46-aa-v1-0274,post_converted,42210,41955,unpooled_wald_z_min_cell_10,probability,ok,,0.057450841032930584,0.05689429150280062,-0.0005565495301299642,0.0016005632971691308,,-0.0036935959475581405,0.002580496887298212,0.7280496958816798,-0.055654953012996417,-5.5654953012996415,-0.009687404398674552,ok,0.7725895562288362,0.37941714265861226,False,offline_aa_only,2425,2387,164064320,185892033
rees46-aa-v1-0274,post_purchase_amount,42210,41955,welch_t,observed_amount_per_enrolled_user,ok,,38.8685903814262,44.30748015731141,5.438889775885208,3.394106396397451,75337.99751428624,-1.2135433973387642,12.09132294910918,0.10906006889000011,,,,ok,0.7725895562288362,0.37941714265861226,False,offline_aa_only,2425,2387,164064320,185892033
rees46-aa-v1-0275,post_converted,42345,41820,unpooled_wald_z_min_cell_10,probability,ok,,0.05580351871531468,0.05856049736967958,0.0027569786543649027,0.0016008083126792072,,-0.00038054798463867676,0.005894505293368482,0.0850257636474322,0.2756978654364903,27.569786543649027,0.049405104155345665,ok,3.2748173231153093,0.07035075827417055,False,offline_aa_only,2363,2449,167557747,182398606
rees46-aa-v1-0275,post_purchase_amount,42345,41820,welch_t,observed_amount_per_enrolled_user,ok,,39.56966513165663,43.61516164514587,4.04549651348924,3.3932797665948793,82693.23099639807,-2.605306964995247,10.696299991973728,0.2331829764944365,,,,ok,3.2748173231153093,0.07035075827417055,False,offline_aa_only,2363,2449,167557747,182398606
rees46-aa-v1-0276,post_converted,42027,42138,unpooled_wald_z_min_cell_10,probability,ok,,0.05674923263616247,0.057596468745550335,0.000847236109387868,0.001600563308107123,,-0.0022898103294783792,0.003984282548254115,0.5965722434511802,0.0847236109387868,8.47236109387868,0.014929472523792004,ok,0.14639101764391374,0.702008367722375,False,offline_aa_only,2385,2427,171447219,178509134
rees46-aa-v1-0276,post_purchase_amount,42027,42138,welch_t,observed_amount_per_enrolled_user,ok,,40.794541366264546,42.36298210641226,1.5684407401477145,3.3906522415599585,84161.60110325193,-5.077211111405209,8.214092591700638,0.6436681598575308,,,,ok,0.14639101764391374,0.702008367722375,False,offline_aa_only,2385,2427,171447219,178509134
rees46-aa-v1-0277,post_converted,42201,41964,unpooled_wald_z_min_cell_10,probability,ok,,0.054880216108623016,0.05947955390334572,0.004599337794722706,0.0016006773923469108,,0.0014620677548552717,0.007736607834590141,0.004061186644089327,0.45993377947227065,45.99337794722706,0.08380684554192268,ok,0.6673676706469435,0.41397086492290236,False,offline_aa_only,2316,2496,178153853,171802500
rees46-aa-v1-0277,post_purchase_amount,42201,41964,welch_t,observed_amount_per_enrolled_user,ok,,42.21555247505983,40.94044895624821,-1.275103518811619,3.3885198442744184,80199.10739903101,-7.916580607616729,5.366373569993491,0.7066941066272104,,,,ok,0.6673676706469435,0.41397086492290236,False,offline_aa_only,2316,2496,178153853,171802500
rees46-aa-v1-0278,post_converted,42367,41798,unpooled_wald_z_min_cell_10,probability,ok,,0.056010574267708356,0.05835207426192641,0.002341499994218052,0.0016008036340284298,,-0.0007960174747985078,0.005479017463234611,0.1435487134397005,0.2341499994218052,23.41499994218052,0.04180460609146069,ok,3.846741519634052,0.04984273464830872,False,offline_aa_only,2373,2439,179361330,170595023
rees46-aa-v1-0278,post_purchase_amount,42367,41798,welch_t,observed_amount_per_enrolled_user,ok,,42.33514999881983,40.81415928991818,-1.5209907089016497,3.3891785842125897,83905.63513113582,-8.163754495028831,5.121773077225532,0.6535925603563398,,,,ok,3.846741519634052,0.04984273464830872,False,offline_aa_only,2373,2439,179361330,170595023
rees46-aa-v1-0279,post_converted,42083,42082,unpooled_wald_z_min_cell_10,probability,ok,,0.05591331416486467,0.058433534527826625,0.0025202203629619557,0.001600556091872413,,-0.000616811932344156,0.005657252658268067,0.11535100487441666,0.2520220362961956,25.202203629619557,0.045073707409489155,ok,1.1881423394522664e-05,0.9972497419939068,False,offline_aa_only,2353,2459,176806197,173150156
rees46-aa-v1-0279,post_purchase_amount,42083,42082,welch_t,observed_amount_per_enrolled_user,ok,,42.0136865242497,41.145895157074285,-0.867791367175414,3.39067413508099,80835.16436464843,-7.513490062893812,5.777907328542984,0.7980018657707664,,,,ok,1.1881423394522664e-05,0.9972497419939068,False,offline_aa_only,2353,2459,176806197,173150156
rees46-aa-v1-0280,post_converted,41961,42204,unpooled_wald_z_min_cell_10,probability,ok,,0.05710064107147113,0.05724575869585821,0.00014511762438708387,0.0016005803563187131,,-0.0029919622283598804,0.003282197477134048,0.9277582823856629,0.014511762438708387,1.4511762438708387,0.0025414359920310626,ok,0.7015861700231688,0.40225123088648973,False,offline_aa_only,2396,2416,171417237,178539116
rees46-aa-v1-0280,post_purchase_amount,41961,42204,welch_t,observed_amount_per_enrolled_user,ok,,40.85156144991778,42.303837550943044,1.4522761010252623,3.3897508669427867,83477.60989547144,-5.191609846242376,8.0961620482929,0.6683380892742146,,,,ok,0.7015861700231688,0.40225123088648973,False,offline_aa_only,2396,2416,171417237,178539116
rees46-aa-v1-0281,post_converted,41998,42167,unpooled_wald_z_min_cell_10,probability,ok,,0.057193199676175054,0.05715369838973605,-3.9501286439001804e-05,0.0016005835363101283,,-0.003176587371854611,0.0030975847989766075,0.9803107636816264,-0.00395012864390018,-0.39501286439001804,-0.0006906640415758526,ok,0.3393453335709618,0.560207351728238,False,offline_aa_only,2402,2410,179619223,170337130
rees46-aa-v1-0281,post_purchase_amount,41998,42167,welch_t,observed_amount_per_enrolled_user,ok,,42.768518262774414,40.39583797756539,-2.3726802852090216,3.3921997803437645,80038.7686724601,-9.021370226043135,4.276009655625091,0.48427175009300993,,,,ok,0.3393453335709618,0.560207351728238,False,offline_aa_only,2402,2410,179619223,170337130
rees46-aa-v1-0282,post_converted,41961,42204,unpooled_wald_z_min_cell_10,probability,ok,,0.05738662090989252,0.05696142545730262,-0.0004251954525898993,0.00160060141421983,,-0.003562316578064643,0.002711925672884844,0.790510849731367,-0.04251954525898993,-4.251954525898993,-0.007409313283274404,ok,0.7015861700231688,0.40225123088648973,False,offline_aa_only,2408,2404,162868529,187087824
rees46-aa-v1-0282,post_purchase_amount,41961,42204,welch_t,observed_amount_per_enrolled_user,ok,,38.81426300612473,44.32940574353142,5.515142737406684,3.388597576914503,80816.09866169543,-1.1264859416131854,12.156771416426555,0.10362231110423523,,,,ok,0.7015861700231688,0.40225123088648973,False,offline_aa_only,2408,2404,162868529,187087824
rees46-aa-v1-0283,post_converted,42030,42135,unpooled_wald_z_min_cell_10,probability,ok,,0.05745895788722341,0.05688857244571022,-0.0005703854415131937,0.0016005886669336795,,-0.0037074815827661815,0.002566710699739794,0.7215711381456673,-0.05703854415131937,-5.7038544151319375,-0.009926832342360055,ok,0.13099269292461238,0.7174049932486235,False,offline_aa_only,2415,2397,172301570,177654783
rees46-aa-v1-0283,post_purchase_amount,42030,42135,welch_t,observed_amount_per_enrolled_user,ok,,40.994901261004046,42.163233179067284,1.168331918063238,3.3903741458133005,83743.98576051481,-5.4767753445801945,7.813439180706671,0.7303939779831082,,,,ok,0.13099269292461238,0.7174049932486235,False,offline_aa_only,2415,2397,172301570,177654783
rees46-aa-v1-0284,post_converted,42021,42144,unpooled_wald_z_min_cell_10,probability,ok,,0.05632897836795888,0.058015375854214124,0.0016863974862552436,0.0016005380199549603,,-0.001450599388743529,0.004823394361254016,0.29204587790226244,0.16863974862552436,16.863974862552435,0.029938364499337383,ok,0.17975405453573337,0.6715846874110951,False,offline_aa_only,2367,2445,168061017,181895336
rees46-aa-v1-0284,post_purchase_amount,42021,42144,welch_t,observed_amount_per_enrolled_user,ok,,39.99453059184694,43.160434700075925,3.165904108228986,3.390539538517723,84117.16166971295,-3.479526896734553,9.811335113192525,0.35043740130095463,,,,ok,0.17975405453573337,0.6715846874110951,False,offline_aa_only,2367,2445,168061017,181895336
rees46-aa-v1-0285,post_converted,41875,42290,unpooled_wald_z_min_cell_10,probability,ok,,0.05681194029850746,0.05753133128399149,0.000719390985484028,0.0016005501668660909,,-0.002417629697023084,0.00385641166799114,0.6530963838979846,0.0719390985484028,7.19390985484028,0.012662672348526135,ok,2.0462781441216658,0.15257878932894153,False,offline_aa_only,2379,2433,165915147,184041206
rees46-aa-v1-0285,post_purchase_amount,41875,42290,welch_t,observed_amount_per_enrolled_user,ok,,39.62152764179105,43.51884748167416,3.89731983988311,3.3876883847061086,81788.14396905727,-2.7425256465698187,10.537165326336039,0.24996756181566207,,,,ok,2.0462781441216658,0.15257878932894153,False,offline_aa_only,2379,2433,165915147,184041206
rees46-aa-v1-0286,post_converted,41952,42213,unpooled_wald_z_min_cell_10,probability,ok,,0.05861460717009916,0.055741122403051194,-0.0028734847670479693,0.0016006734856893923,,-0.006010747150007368,0.00026377761591142926,0.07262624595098281,-0.2873484767047969,-28.734847670479695,-0.04902335622090134,ok,0.8093744430582784,0.36830526143299125,False,offline_aa_only,2459,2353,177514182,172442171
rees46-aa-v1-0286,post_purchase_amount,41952,42213,welch_t,observed_amount_per_enrolled_user,ok,,42.31363987414187,40.85048942268969,-1.4631504514521794,3.3895683425257155,83311.24926944394,-8.106678844601579,5.18037794169722,0.6659876487543243,,,,ok,0.8093744430582784,0.36830526143299125,False,offline_aa_only,2459,2353,177514182,172442171
rees46-aa-v1-0287,post_converted,42053,42112,unpooled_wald_z_min_cell_10,probability,ok,,0.056523910303664424,0.057821998480243164,0.0012980881765787405,0.001600561446541594,,-0.0018389546136861148,0.0044351309668435954,0.41735388681564467,0.12980881765787405,12.980881765787405,0.02296529326447866,ok,0.04135923483633339,0.8388460809041108,False,offline_aa_only,2377,2435,170851874,179104479
rees46-aa-v1-0287,post_purchase_amount,42053,42112,welch_t,observed_amount_per_enrolled_user,ok,,40.627749268779866,42.53050888107903,1.902759612299164,3.3902167507299104,81148.38039734076,-4.742042229108114,8.547561453706443,0.5746285789347856,,,,ok,0.04135923483633339,0.8388460809041108,False,offline_aa_only,2377,2435,170851874,179104479
rees46-aa-v1-0288,post_converted,42278,41887,unpooled_wald_z_min_cell_10,probability,ok,,0.05742939590330669,0.056915033303889036,-0.0005143625994176518,0.0016005641423208405,,-0.0036514106733127405,0.002622685474477437,0.7479350799044859,-0.05143625994176518,-5.143625994176518,-0.008956434093154646,ok,1.8164438899780193,0.17773715399430218,False,offline_aa_only,2428,2384,174286984,175669369
rees46-aa-v1-0288,post_purchase_amount,42278,41887,welch_t,observed_amount_per_enrolled_user,ok,,41.22403708784711,41.938875784849714,0.7148386970026053,3.3928884209625463,82386.13398978504,-5.935198109735684,7.364875503740895,0.8331317611920596,,,,ok,1.8164438899780193,0.17773715399430218,False,offline_aa_only,2428,2384,174286984,175669369
rees46-aa-v1-0289,post_converted,42103,42062,unpooled_wald_z_min_cell_10,probability,ok,,0.05664679476521863,0.05770053730207789,0.0010537425368592548,0.0016005820906242843,,-0.002083340715064167,0.004190825788782677,0.5103135301042416,0.10537425368592548,10.53742536859255,0.018601979886534677,ok,0.0199726727261926,0.8876134323616294,False,offline_aa_only,2385,2427,175511154,174445199
rees46-aa-v1-0289,post_purchase_amount,42103,42062,welch_t,observed_amount_per_enrolled_user,ok,,41.68613970500915,41.47334862821549,-0.21279107679365694,3.390765382657724,83950.83422892001,-6.858664923971917,6.433082770384603,0.9499609050716148,,,,ok,0.0199726727261926,0.8876134323616294,False,offline_aa_only,2385,2427,175511154,174445199
rees46-aa-v1-0290,post_converted,42147,42018,unpooled_wald_z_min_cell_10,probability,ok,,0.0560894013808812,0.05826074539483079,0.00217134401394959,0.0016006074124252623,,-0.0009657888677917724,0.005308476895690953,0.17491628709929108,0.21713440139495901,21.7134401394959,0.03871219803550481,ok,0.19771876670825164,0.6565685270593191,False,offline_aa_only,2364,2448,169764365,180191988
rees46-aa-v1-0290,post_purchase_amount,42147,42018,welch_t,observed_amount_per_enrolled_user,ok,,40.27911001969298,42.88447522490361,2.6053652052106315,3.3914778566281285,82129.35232688325,-4.04190721095273,9.252637621373992,0.44236499230705434,,,,ok,0.19771876670825164,0.6565685270593191,False,offline_aa_only,2364,2448,169764365,180191988
rees46-aa-v1-0291,post_converted,42300,41865,unpooled_wald_z_min_cell_10,probability,ok,,0.05754137115839243,0.05680162426848202,-0.0007397468899104087,0.0016005483459260211,,-0.003876764003440566,0.0023972702236197485,0.6439498003196229,-0.07397468899104087,-7.397468899104087,-0.012855913493512856,ok,2.2482623418285512,0.13376453493734147,False,offline_aa_only,2434,2378,180497087,169459266
rees46-aa-v1-0291,post_purchase_amount,42300,41865,welch_t,observed_amount_per_enrolled_user,ok,,42.6707061465721,40.477550698674314,-2.1931554478977873,3.390768440293646,84148.61839668363,-8.839035062805305,4.4527241670097295,0.517761930865821,,,,ok,2.2482623418285512,0.13376453493734147,False,offline_aa_only,2434,2378,180497087,169459266
rees46-aa-v1-0292,post_converted,42046,42119,unpooled_wald_z_min_cell_10,probability,ok,,0.057912762212814536,0.056435337970986967,-0.0014774242418275699,0.0016005886221538783,,-0.00461452029531376,0.0016596718116586207,0.3559808517129903,-0.147742424182757,-14.7742424182757,-0.025511203150670226,ok,0.06331610526941127,0.8013294512906404,False,offline_aa_only,2435,2377,162011524,187944829
rees46-aa-v1-0292,post_purchase_amount,42046,42119,welch_t,observed_amount_per_enrolled_user,ok,,38.5319706987585,44.622338849450365,6.090368150691866,3.3900342103983214,81004.07539878777,-0.5540760894566477,12.734812390840379,0.07241070985461506,,,,ok,0.06331610526941127,0.8013294512906404,False,offline_aa_only,2435,2377,162011524,187944829
rees46-aa-v1-0293,post_converted,42231,41934,unpooled_wald_z_min_cell_10,probability,ok,,0.05855887854893325,0.055778127533743505,-0.0027807510151897433,0.0016004315035156153,,-0.005917539121803638,0.0003560370914241517,0.0822988132115559,-0.2780751015189743,-27.807510151897432,-0.04748641169530046,ok,1.0480484762074496,0.30595696877396883,False,offline_aa_only,2473,2339,180660119,169296234
rees46-aa-v1-0293,post_purchase_amount,42231,41934,welch_t,observed_amount_per_enrolled_user,ok,,42.77902938599607,40.372068965517244,-2.406960420478825,3.389581885904293,83545.34594647995,-9.050515088094869,4.236594247137219,0.47764075633774844,,,,ok,1.0480484762074496,0.30595696877396883,False,offline_aa_only,2473,2339,180660119,169296234
rees46-aa-v1-0294,post_converted,42170,41995,unpooled_wald_z_min_cell_10,probability,ok,,0.05615366374199668,0.058197404452911064,0.002043740710914385,0.0016006231038086102,,-0.001093422925373207,0.005180904347201977,0.2016584962233705,0.20437407109143851,20.43740710914385,0.03639550075137653,ok,0.3638685914572566,0.5463655295103775,False,offline_aa_only,2368,2444,177421123,172535230
rees46-aa-v1-0294,post_purchase_amount,42170,41995,welch_t,observed_amount_per_enrolled_user,ok,,42.0728297367797,41.084707703298015,-0.9881220334816874,3.3896336305389143,82414.88705381213,-7.631779440437978,5.655535373474604,0.7706597895486805,,,,ok,0.3638685914572566,0.5463655295103775,False,offline_aa_only,2368,2444,177421123,172535230
rees46-aa-v1-0295,post_converted,42267,41898,unpooled_wald_z_min_cell_10,probability,ok,,0.05716043248870277,0.05718650054895222,2.606806024944841e-05,0.0016005961557985018,,-0.0031110427589088763,0.003163178879407773,0.9870058519976987,0.002606806024944841,0.2606806024944841,0.0004560507874848659,ok,1.6177864908216004,0.20340070625025,False,offline_aa_only,2416,2396,174540054,175416299
rees46-aa-v1-0295,post_purchase_amount,42267,41898,welch_t,observed_amount_per_enrolled_user,ok,,41.29463978990702,41.86746360208125,0.572823812174228,3.3926162439586163,82623.32155186668,-6.07667924915723,7.222326873505686,0.8659195492948178,,,,ok,1.6177864908216004,0.20340070625025,False,offline_aa_only,2416,2396,174540054,175416299
rees46-aa-v1-0296,post_converted,42051,42114,unpooled_wald_z_min_cell_10,probability,ok,,0.0569308696582721,0.05741558626584983,0.00048471660757773427,0.0016005740781247612,,-0.0026523509401351966,0.003621784155290665,0.7620123917203857,0.04847166075777343,4.847166075777343,0.00851412617596128,ok,0.047157369452860455,0.8280856229989438,False,offline_aa_only,2394,2418,165474355,184481998
rees46-aa-v1-0296,post_purchase_amount,42051,42114,welch_t,observed_amount_per_enrolled_user,ok,,39.35087274975625,43.80538490763167,4.4545121578754205,3.390357136737839,83086.35506601576,-2.190562527298707,11.099586843049547,0.18889123797531068,,,,ok,0.047157369452860455,0.8280856229989438,False,offline_aa_only,2394,2418,165474355,184481998
rees46-aa-v1-0297,post_converted,42063,42102,unpooled_wald_z_min_cell_10,probability,ok,,0.056867080331883126,0.057479454657735976,0.0006123743258528505,0.0016005743213600447,,-0.0025246936985924757,0.0037494423502981767,0.7020188765690853,0.06123743258528505,6.123743258528505,0.01076852059713564,ok,0.01807164498306897,0.8930619131051905,False,offline_aa_only,2392,2420,177357307,172599046
rees46-aa-v1-0297,post_purchase_amount,42063,42102,welch_t,observed_amount_per_enrolled_user,ok,,42.164683213275325,40.995450572419365,-1.1692326408559595,3.3909832853452273,81143.17147992224,-7.815536891274997,5.477071609563078,0.7302408367605046,,,,ok,0.01807164498306897,0.8930619131051905,False,offline_aa_only,2392,2420,177357307,172599046
rees46-aa-v1-0298,post_converted,41869,42296,unpooled_wald_z_min_cell_10,probability,ok,,0.05617521316487138,0.05816152827690562,0.0019863151120342384,0.0016004527137170167,,-0.0011505145658105083,0.005123144789878985,0.21457036763206094,0.19863151120342384,19.863151120342383,0.03535928036809589,ok,2.1663280460999226,0.14106270724006922,False,offline_aa_only,2352,2460,169513349,180443004
rees46-aa-v1-0298,post_purchase_amount,41869,42296,welch_t,observed_amount_per_enrolled_user,ok,,40.48660082638707,42.661954794779646,2.175353968392578,3.3877288494085604,81961.26930784676,-4.464570621031804,8.81527855781696,0.520792176251164,,,,ok,2.1663280460999226,0.14106270724006922,False,offline_aa_only,2352,2460,169513349,180443004
rees46-aa-v1-0299,post_converted,42041,42124,unpooled_wald_z_min_cell_10,probability,ok,,0.05768178682714493,0.05666603361504131,-0.0010157532121036206,0.0016005893923000474,,-0.004152850775048565,0.002121344350841324,0.5256815093150892,-0.10157532121036206,-10.157532121036205,-0.017609600325793118,ok,0.08185112576486663,0.7748043213189271,False,offline_aa_only,2425,2387,173417749,176538604
rees46-aa-v1-0299,post_purchase_amount,42041,42124,welch_t,observed_amount_per_enrolled_user,ok,,41.24967270045907,41.90926882537271,0.6595961249136408,3.3906342504641986,84148.64636956429,-5.986020478946231,7.305212728773513,0.8457576726330345,,,,ok,0.08185112576486663,0.7748043213189271,False,offline_aa_only,2425,2387,173417749,176538604
rees46-aa-v1-0300,post_converted,42047,42118,unpooled_wald_z_min_cell_10,probability,ok,,0.05867243798606322,0.055676907735410036,-0.002995530250653182,0.0016005797635403394,,-0.006132608941575883,0.00014154844026951921,0.061271897395130476,-0.2995530250653182,-29.95530250653182,-0.051055152188574926,ok,0.05989425533178875,0.8066631523550184,False,offline_aa_only,2467,2345,177528036,172428317
rees46-aa-v1-0300,post_purchase_amount,42047,42118,welch_t,observed_amount_per_enrolled_user,ok,,42.221332318595856,40.939341136806114,-1.281991181789742,3.3906263555489478,84136.4866556812,-7.9275923254924106,5.3636099619129265,0.7053582794570138,,,,ok,0.05989425533178875,0.8066631523550184,False,offline_aa_only,2467,2345,177528036,172428317
